Date,Predicted,Real,Predicted_non_stationary,Real_non_stationary,Predicted_inverse,Real_inverse
2019-09-01,-0.0057144454,-0.02931929856582416,0.6614063,0.6378014122028206,202.4342973550202,201.4400025
2019-09-02,-0.0127528785,-0.029319298565823382,0.6486534,0.6084821136369972,201.8971143318973,200.20500175
2019-09-03,-0.014693095,-0.02931929856582416,0.6339603,0.5791628150711731,201.27820571503327,198.970001
2019-09-04,0.0010895284,0.06552313222901374,0.6350498,0.6446859473001868,201.32409868692338,201.729996
2019-09-05,0.01960312,0.12629860638163404,0.65465295,0.7709845536818208,202.14983072658907,207.050003
2019-09-06,0.0172093,0.0037985442905411615,0.67186224,0.774783097972362,202.8747282820351,207.21000700000002
2019-09-07,0.014910202,0.03774700316219559,0.68677247,0.8125301011345576,203.5027833563966,208.8000033333333
2019-09-08,0.015249783,0.03774700316219748,0.70202225,0.8502771042967551,204.1451418533117,210.38999966666668
2019-09-09,0.01645439,0.03774700316219626,0.71847665,0.8880241074589513,204.83824147183628,211.979996
2019-09-10,0.021405274,0.08665233898760272,0.73988193,0.974676446446554,205.73988433841248,215.63000499999998
2019-09-11,0.019619577,0.027776113239944555,0.7595015,1.0024525596864986,206.56630932956574,216.80000299999998
2019-09-12,0.015408282,0.04605624559847055,0.7749098,1.0485088052849691,207.2153437612834,218.74000499999997
2019-09-13,0.014501628,0.027538496494088793,0.7894114,1.076047301779058,207.82618802967593,219.899994
2019-09-14,0.009900089,-0.021207953361248144,0.7993115,1.0548393484178098,208.24320422635293,219.00666299999997
2019-09-15,0.0038075894,-0.021207953361247478,0.8031191,1.0336313950565623,208.40358985671082,218.11333199999999
2019-09-16,0.0012224001,-0.021207953361248144,0.8043415,1.0124234416953142,208.45507916507137,217.22000099999997
2019-09-17,-0.004232591,-0.031099732662779433,0.8001089,0.9813237090325347,208.2767922879507,215.91000400000001
2019-09-18,-0.0014574294,0.027776113239944666,0.79865146,1.0090998222724794,208.21540080326025,217.080002
2019-09-19,-0.0054077087,-0.0439197128119686,0.79324377,0.9651801094605108,207.987615597959,215.229996
2019-09-20,-0.009461846,-0.035372845716402423,0.78378195,0.9298072637441084,207.58906053276118,213.74000499999997
2019-09-21,-0.0048557096,-0.0022157462818899187,0.77892625,0.9275915174622185,207.38452686270114,213.64667233333333
2019-09-22,-0.000972355,-0.002215746281891251,0.7779539,0.9253757711803272,207.34356991481323,213.55333966666663
2019-09-23,-0.00021878588,-0.0022157462818899187,0.7777351,0.9231600248984373,207.3343531578895,213.460007
2019-09-24,-0.013387482,-0.13555732662182096,0.7643476,0.7876026982766163,206.77043877792468,207.75
2019-09-25,-0.004241492,0.05412787920232498,0.76010615,0.8417305774789413,206.5917778074285,210.02999900000003
2019-09-26,-0.0071065724,-0.042969910557175806,0.75299954,0.7987606669217655,206.29243029687075,208.220001
2019-09-27,-0.005088095,0.017805231231129093,0.74791145,0.8165658981528946,206.0781074317016,208.970001
2019-09-28,-0.0062789186,-0.013769418385920607,0.7416325,0.802796479766974,205.8136234151898,208.38999933333332
2019-09-29,-0.009059711,-0.01376941838591983,0.7325728,0.7890270613810542,205.43200549033722,207.80999766666667
2019-09-30,-0.009296971,-0.013769418385920607,0.72327584,0.7752576429951336,205.04039500417807,207.229996
2019-10-01,-0.021807844,-0.10778085727725184,0.701468,0.6674767857178817,204.12179491170627,202.690002
2019-10-02,-0.033387758,-0.10540701636890082,0.6680802,0.5620697693489809,202.71541973931556,198.25
2019-10-03,-0.031897854,-0.023977592689712446,0.63618237,0.5380921766592685,201.37180437973393,197.240005
2019-10-04,-0.013721103,0.08451545009647643,0.62246126,0.6226076267557449,200.79383764659502,200.800003
2019-10-05,-0.007964991,-0.003165445662015487,0.6144963,0.6194421810937294,200.45833363468657,200.66666666666663
2019-10-06,-0.0070262933,-0.0031654456620141547,0.60747,0.6162767354317152,200.1623680286715,200.5333303333333
2019-10-07,-0.005682619,-0.0031654456620142657,0.6017873,0.613111289769701,199.92300099289105,200.399994
2019-10-08,-0.012334644,-0.0719331104334534,0.5894527,0.5411781793362476,199.40343550813205,197.369995
2019-10-09,-0.011416253,-0.012344699176857654,0.5780364,0.5288334801593899,198.9225547933759,196.850006
2019-10-10,0.0034835692,0.07169546994728804,0.58152,0.600528950106678,199.0692922922608,199.869995
2019-10-11,0.02416505,0.11419083548169162,0.60568506,0.7147197855883696,200.08718279226792,204.679993
2019-10-12,0.02422413,0.009021427945211213,0.62990916,0.7237412135335808,201.1075613898265,205.05999766666667
2019-10-13,0.019053526,0.009021427945210436,0.6489627,0.7327626414787912,201.91014232200277,205.44000233333333
2019-10-14,0.014812308,0.009021427945211102,0.66377497,0.7417840694240023,202.53407232645804,205.820007
2019-10-15,0.015254141,0.015193797317230584,0.6790291,0.7569778667412329,203.17661410402025,206.46000700000002
2019-10-16,0.012830486,0.022790482313069793,0.6918596,0.7797683490543027,203.71706605046504,207.419998
2019-10-17,0.0014503493,-0.022790482313069793,0.69330996,0.7569778667412329,203.7781587625938,206.46000700000002
2019-10-18,-0.0036827049,0.001424347277564908,0.68962723,0.7584022140187978,203.62303303573773,206.520004
2019-10-19,0.00080048374,0.021603648906692308,0.6904277,0.7800058629254901,203.6567516534129,207.43000266666667
2019-10-20,0.00421082,0.021603648906692197,0.69463855,0.8016095118321823,203.83412212729814,208.34000133333333
2019-10-21,0.008121319,0.021603648906692308,0.70275986,0.8232131607388746,204.1762116890325,209.25
2019-10-22,0.008946879,0.008309250349710195,0.71170676,0.8315224110885848,204.55307687052996,209.600006
2019-10-23,0.015523312,0.0408333540303637,0.7272301,0.8723557651189485,205.20695694127318,211.32000699999998
2019-10-24,0.0131874075,-0.00640997820443967,0.7404175,0.8659457869145089,205.76244292216612,211.05000299999998
2019-10-25,0.019645367,0.07549401423782987,0.7600629,0.9414398011523387,206.58995504373289,214.229996
2019-10-26,0.02208334,0.027855326735333308,0.7821462,0.969295127887672,207.52015956292803,215.40333066666668
2019-10-27,0.02308587,0.02785532673533253,0.8052321,0.9971504546230046,208.49259395176549,216.57666533333332
2019-10-28,0.024545379,0.02785532673533342,0.8297775,1.025005781358338,209.52650518888242,217.75
2019-10-29,0.02195009,-0.0026114576542068946,0.85172755,1.022394323704131,210.45109579675056,217.63999900000002
2019-10-30,0.008316332,-0.04344478794426365,0.8600439,0.9789495357598674,210.8014003485842,215.809998
2019-10-31,-0.0069539174,-0.05768878300670066,0.85309,0.9212607527531668,210.50848523553083,213.38000499999998
2019-11-01,0.011836721,0.09519849387392132,0.8649267,1.016459246627088,211.00707638432124,217.38999900000002
2019-11-02,0.01968728,0.01962528988101031,0.884614,1.0360845365080984,211.83635352362634,218.2166643333333
2019-11-03,0.019353356,0.01962528988101231,0.9039673,1.0557098263891107,212.6515632455946,219.0433296666667
2019-11-04,0.018197795,0.019625289881010977,0.9221651,1.0753351162701217,213.4180981469472,219.86999500000002
2019-11-05,0.0069288146,-0.029200484257818404,0.9290939,1.0461346320123033,213.7099562579126,218.63999900000002
2019-11-06,0.0034825464,-0.005222891568106736,0.9325764,1.0409117404441965,213.8566485643092,218.419998
2019-11-07,0.017731057,0.11561518275925708,0.9503075,1.1565269232034536,214.6035247332421,223.289993
2019-11-08,0.01712391,-0.009021056013713835,0.9674314,1.1475058671897398,215.32482697517284,222.91000400000001
2019-11-09,0.0053292643,-0.030704171645749456,0.9727607,1.1168016955439903,215.54930810743906,221.61666900000003
2019-11-10,-0.005423121,-0.03070417164575079,0.96733755,1.0860975238982395,215.32087263244475,220.323334
2019-11-11,-0.011113535,-0.03070417164574879,0.956224,1.0553933522524908,214.85274373147655,219.02999900000003
2019-11-12,-0.003079729,0.03276174416681865,0.9531443,1.0881550964193094,214.72301869375076,220.41000400000001
2019-11-13,-0.0041339593,-0.025876864834983637,0.9490104,1.0622782315843258,214.54888701486186,219.32000699999998
2019-11-14,-0.005675156,0.002611101549583772,0.94333524,1.0648893331339095,214.30983632649966,219.42999300000002
2019-11-15,0.00036388286,0.019467218994858815,0.9436991,1.0843565521287684,214.3251641121219,220.25
2019-11-16,0.0031925647,-0.004115018427161221,0.94689167,1.0802415337016071,214.45964189320281,220.07666533333332
2019-11-17,0.0033583543,-0.004115018427160555,0.95025,1.0761265152744466,214.60110442442314,219.90333066666668
2019-11-18,0.002429922,-0.004115018427160999,0.95267993,1.0720114968472856,214.7034578783891,219.729996
2019-11-19,0.0033913625,0.007359424354608679,0.9560713,1.0793709212018943,214.84631133397218,220.039993
2019-11-20,-0.009105568,-0.05056659555301524,0.94696575,1.028804325648879,214.46276268559077,217.91000400000001
2019-11-21,-0.007934477,0.007596708736148372,0.9390313,1.0364010343850274,214.1285441489057,218.229996
2019-11-22,0.0098749,0.04866770325267855,0.9489062,1.085068737637706,214.54449832210713,220.27999900000003
2019-11-23,0.016481271,0.019546195087164264,0.96538746,1.1046149327248702,215.2387302635335,221.1033326666667
2019-11-24,0.012870097,0.019546195087162932,0.97825754,1.1241611278120331,215.78084931065857,221.9266663333333
2019-11-25,0.010182697,0.019546195087165597,0.9884402,1.1437073228991987,216.2097687066206,222.75
2019-11-26,0.0046981126,-0.00712216371337604,0.9931383,1.1365851591858227,216.40766410228503,222.44999700000002
2019-11-27,0.005223282,0.011870154154085988,0.9983616,1.1484553133399087,216.62768122098262,222.94999700000002
2019-11-28,-0.0031558948,-0.018992139815150244,0.9952057,1.1294631735247584,216.49474751658602,222.15000150000003
2019-11-29,-0.012104427,-0.018992139815150688,0.98310125,1.1104710337096078,215.9848783312657,221.350006
2019-11-30,-0.020757059,-0.029358903335159114,0.96234417,1.0811121303744486,215.11053925971683,220.113337
2019-12-01,-0.027927672,-0.02935890333515845,0.9344165,1.0517532270392902,213.93415619247372,218.87666800000002
2019-12-02,-0.029827425,-0.029358903335159114,0.90458906,1.022394323704131,212.67775229257668,217.63999900000002
2019-12-03,-0.036203813,-0.128197522422281,0.86838526,0.8941968012818501,211.152759391812,212.24000499999997
2019-12-04,-0.011289003,0.08783906951931264,0.85709625,0.9820358708011627,210.6772390083095,215.940002
2019-12-05,0.002097452,0.028488298748882146,0.8591937,1.0105241695500449,210.7655878122835,217.13999900000002
2019-12-06,0.029384946,0.17734015054266195,0.88857865,1.1878643200927068,212.0033548321357,224.61000099999998
2019-12-07,0.024029851,-0.022157644827935696,0.9126085,1.1657066752647711,213.01555107861435,223.67666666666665
2019-12-08,0.009954282,-0.022157644827935696,0.9225628,1.1435490304368354,213.43484949595154,222.7433323333333
2019-12-09,0.0007855347,-0.02215764482793503,0.9233483,1.1213913856089004,213.467937929484,221.809998
2019-12-10,-2.4732828e-05,0.001661987763729611,0.9233236,1.12305337337263,213.46689599155883,221.88000499999998
2019-12-11,-0.0036712866,-0.01638088395356352,0.9196523,1.1066724894190665,213.31225231791151,221.190002
2019-12-12,0.011880658,0.11537792211802467,0.9315329,1.2220504115370912,213.8126938480293,226.05000299999998
2019-12-13,0.0068921326,-0.024927394944505243,0.93842506,1.197123016592586,214.10300788231044,225.0
2019-12-14,0.0063679013,0.024056790358228275,0.944793,1.2211798069508142,214.37124036465912,226.013331
2019-12-15,0.01039735,0.02405679035822894,0.95519036,1.2452365973090431,214.80920327967294,227.02666200000002
2019-12-16,0.013629927,0.024056790358228275,0.9688203,1.2692933876672714,215.38332865130454,228.039993
2019-12-17,0.021376537,0.07383238257872327,0.9901968,1.3431257702459947,216.28376136347126,231.149994
2019-12-18,0.016817302,-0.016618144594794826,1.0070142,1.3265076256511998,216.99214859651732,230.44999700000002
2019-12-19,0.008134243,-0.012107438535627013,1.0151484,1.3144001871155728,217.33478297880535,229.940002
2019-12-20,6.40692e-05,-0.023977925054027738,1.0152124,1.290422262061545,217.33747946394183,228.92999300000002
2019-12-21,-0.0015826557,0.0012661735167427413,1.0136298,1.2916884355782878,217.2708155222806,228.9833273333333
2019-12-22,0.0017259172,0.0012661735167451837,1.0153557,1.292954609095033,217.3435151718265,229.03666166666667
2019-12-23,0.0044381977,0.0012661735167434074,1.0197939,1.2942207826117764,217.53046143184824,229.08999599999999
2019-12-24,0.008865921,0.019467242735168533,1.0286598,1.313688025346945,217.90391709117125,229.91000400000001
2019-12-25,0.0144784255,0.015431236010773564,1.0431383,1.3291192613577185,218.51378469967727,230.5600055
2019-12-26,0.017355751,0.015431236010774452,1.0604941,1.344550497368493,219.24485354047297,231.210007
2019-12-27,0.00971966,-0.013057240790419034,1.0702137,1.331493256578074,219.65426735633685,230.66000400000001
2019-12-28,0.0022953553,-0.006805562961779366,1.072509,1.3246876936162946,219.7509541744061,230.373337
2019-12-29,-0.0021400338,-0.006805562961777811,1.070369,1.3178821306545168,219.66081022436822,230.08667000000003
2019-12-30,-0.0039476054,-0.006805562961780032,1.0664214,1.3110765676927367,219.49452697428444,229.80000299999998
2019-12-31,0.0016754132,0.0030860026769803373,1.0680968,1.314162570369717,219.56509755549166,229.92999300000002
2020-01-01,0.016335417,0.0521101429185955,1.0844321,1.3662727132883126,220.2531833185064,232.125
2020-01-02,0.020773912,0.0521101429185955,1.105206,1.418382856206908,221.12823040570558,234.32000699999998
2020-01-03,-0.008138203,-0.06504856346593257,1.0970678,1.3533342927409755,220.78543031762706,231.580002
2020-01-04,-0.009463763,0.018754803996274827,1.087604,1.3720890967372503,220.386792399534,232.3700003333333
2020-01-05,0.0013836905,0.018754803996275937,1.0889877,1.3908439007335263,220.44507564530548,233.15999866666667
2020-01-06,0.00802933,0.01875480399627616,1.097017,1.4095987047298024,220.78329120651318,233.94999700000002
2020-01-07,0.008633591,0.036560264717050206,1.1056507,1.4461589694468526,221.1469601814209,235.49000499999997
2020-01-08,0.013156818,0.05389026245646922,1.1188074,1.5000492319033218,221.70115566570288,237.75999500000003
2020-01-09,0.02290505,0.11490335335494417,1.1417124,1.614952585258266,222.66597009887062,242.600006
2020-01-10,0.01928462,-0.011632869772546517,1.160997,1.6033197154857195,223.47828499089252,242.11000099999998
2020-01-11,0.015734412,0.02453169939906097,1.1767315,1.6278514148847805,224.1410579390598,243.1433363333333
2020-01-12,0.014290414,0.02453169939906097,1.1910219,1.6523831142838414,224.74300681933445,244.17667166666664
2020-01-13,0.013760279,0.024531699399061635,1.2047822,1.676914813682903,225.3226255889909,245.210007
2020-01-14,0.010253641,0.010683067517753164,1.2150359,1.6875978812006562,225.7545352212635,245.66000400000001
2020-01-15,0.0052809087,-0.010683067517753164,1.2203168,1.676914813682903,225.97697767016766,245.210007
2020-01-16,0.01331739,0.10706864802800609,1.2336341,1.7839834617109092,226.53793696353503,249.72000099999997
2020-01-17,0.011945691,-0.006172337718274301,1.2455798,1.7778111239926349,227.04112017127764,249.460007
2020-01-18,0.0020022942,-0.02231594916045254,1.2475821,1.7554951748321823,227.12545939726004,248.5200045
2020-01-19,-0.005630297,-0.02231594916045232,1.2419518,1.73317922567173,226.88829926132595,247.580002
2020-01-20,-0.0120240105,-0.02231594916045232,1.2299278,1.7108632765112777,226.3818170019359,246.63999950000002
2020-01-21,-0.01601759,-0.02231594916045254,1.2139102,1.6885473273508251,225.70711825823943,245.69999700000002
2020-01-22,-0.009681709,0.03204955865788128,1.2042285,1.7205968860087064,225.29930124362957,247.05000299999998
2020-01-23,-0.013000533,-0.034898276953320595,1.191228,1.6856986090553858,224.7516887984797,245.580002
2020-01-24,-0.030106323,-0.08688962336914385,1.1611217,1.598808985686242,223.48353736231297,241.919998
2020-01-25,-0.033395942,-0.029912780554860463,1.1277258,1.5688962051313815,222.07682073556606,240.65999833333333
2020-01-26,-0.028811527,-0.029912780554860685,1.0989143,1.5389834245765208,220.86320659002772,239.39999866666668
2020-01-27,-0.023253452,-0.029912780554860685,1.0756608,1.5090706440216601,219.8837146409308,238.13999900000002
2020-01-28,0.0019747033,0.1054070401092091,1.0776355,1.6144776841308692,219.9668939263796,242.580002
2020-01-29,4.6085624e-05,-0.058401324620261486,1.0776817,1.5560763595106077,219.96883720337743,240.11999500000002
2020-01-30,0.013649472,0.09519887371885272,1.0913311,1.6512752332294605,220.543786082574,244.13000499999998
2020-01-31,-0.008557696,-0.15146328570767942,1.0827734,1.499811947521781,220.18331573156192,237.75
2020-02-01,-0.011418341,0.00997088992225148,1.0713551,1.5097828374440325,219.70234714252294,238.16999833333333
2020-02-02,-0.0037184213,0.009970889922252368,1.0676367,1.519753727366285,219.54572002077708,238.58999666666668
2020-02-03,0.0013746243,0.009970889922252146,1.0690113,1.529724617288537,219.60362164109162,239.00999500000003
2020-02-04,0.011080373,0.06955926952510172,1.0800917,1.5992838868136388,220.07035459630947,241.940002
2020-02-05,0.022342393,0.05602715134759406,1.1024342,1.6553110381612328,221.01147310143415,244.30000299999998
2020-02-06,0.0071173124,-0.058875869643033596,1.1095514,1.5964351685181992,221.31127002618135,241.82000699999998
2020-02-07,-0.014671212,-0.09068814391937519,1.0948802,1.505747024598824,220.6932828339403,238.0
2020-02-08,-0.016551452,-0.00506459119230751,1.0783287,1.5006824334065165,219.99609329522266,237.786667
2020-02-09,-0.01007934,-0.005064591192307288,1.0682493,1.4956178422142092,219.57152493160845,237.573334
2020-02-10,-0.005709415,-0.00506459119230751,1.0625399,1.4905532510219017,219.33103059431377,237.36000099999998
2020-02-11,-0.0058439793,-0.021366135035504996,1.0566959,1.4691871159863967,219.0848671104286,236.460007
2020-02-12,0.008705525,0.051990966570889086,1.0654014,1.5211780825572858,219.4515639820538,238.649994
2020-02-13,0.011636682,-0.007121807608751585,1.0770382,1.5140562749485342,219.94173175315996,238.350006
2020-02-14,0.0053420174,-0.030150286512611757,1.0823802,1.4839059884359225,220.16675017389844,237.080002
2020-02-15,-0.00084066816,-0.02296871861277139,1.0815395,1.460937269823151,220.13133934860502,236.11250325
2020-02-16,-0.0026928952,-0.022968718612771166,1.0788466,1.43796855121038,220.017906202919,235.1450045
2020-02-17,-0.0041254447,-0.02296871861277139,1.0747211,1.4149998325976085,219.84413104254907,234.17750575
2020-02-18,-0.006786643,-0.022968718612771166,1.0679345,1.3920311139848374,219.55826344698,233.210007
2020-02-19,0.010879622,0.0978099515281281,1.0788141,1.4898410655129655,220.01654038549418,237.330002
2020-02-20,-0.0016671394,-0.10920556065944198,1.077147,1.3806355048535235,219.94631628003074,232.729996
2020-02-21,-0.011726106,-0.05009207427055107,1.0654209,1.3305434305829724,219.45238246823118,230.61999500000002
2020-02-22,-0.016706508,-0.04811370733143461,1.0487144,1.2824297232515378,218.74866512564495,228.59332766666668
2020-02-23,-0.021834215,-0.04811370733143572,1.0268801,1.234316015920102,217.8289527958217,226.5666603333333
2020-02-24,-0.02681279,-0.048113707331433275,1.0000674,1.1862023085886688,216.69953225602563,224.539993
2020-02-25,-0.039430074,-0.16452014665316717,0.9606373,1.0216821619355017,215.03864052149171,217.61000099999998
2020-02-26,-0.039904602,-0.043444811684570483,0.9207327,0.9782373502509312,213.3577611536509,215.77999900000003
2020-02-27,-0.055498306,-0.23953963960853297,0.8652344,0.7386977106423982,211.02003658569424,205.690002
2020-02-28,-0.052334342,-0.11680226939559024,0.8129,0.621895441246808,208.81558466579656,200.770004
2020-02-29,-0.034623083,0.0688468703533911,0.7782769,0.690742311600199,207.3571753644917,203.670003
2020-03-01,-0.01007785,0.06884687035339054,0.7681991,0.7595891819535896,206.93267227891616,206.570002
2020-03-02,0.007997339,0.0688468703533911,0.7761964,0.8284360523069807,207.26953959755562,209.470001
2020-03-03,0.0021218061,-0.14339165210382632,0.7783182,0.6850444002031544,207.35891527529205,203.429993
2020-03-04,0.0126704555,0.1260613220000939,0.7909887,0.8111057222032483,207.89262600889558,208.740005
2020-03-05,-0.0016100577,-0.23621635255001305,0.78937864,0.5748893696532352,207.82480714808833,198.78999299999998
2020-03-06,-0.011443704,-0.14101712272653394,0.7779349,0.4338722469267013,207.34276900349244,192.850006
2020-03-07,-0.02339778,-0.15858532280607945,0.7545371,0.27528692412062183,206.35719615402252,186.1700033333333
2020-03-08,-0.029469507,-0.15858532280607815,0.7250676,0.11670160131454368,205.11586897036815,179.49000066666667
2020-03-09,-0.038244452,-0.15858532280607882,0.6868232,-0.04188372149153513,203.50491995681668,172.809998
2020-03-10,-0.005233238,0.2739633477987731,0.68158996,0.232079626307238,203.28448355225518,184.350006
2020-03-11,-0.017600548,-0.29580440770198363,0.6639894,-0.06372478139474563,202.5431058027347,171.889999
2020-03-12,-0.042024896,-0.503532081658181,0.6219645,-0.5672568630529267,200.77291352450234,150.679993
2020-03-13,0.0026074424,0.6288808857850218,0.624572,0.06162402273209511,200.88274633528545,177.169998
2020-03-14,-0.0013495934,-0.17813139919170182,0.6232224,-0.11650737645960671,200.82589920636508,169.66666666666666
2020-03-15,-0.020717392,-0.17813139919170048,0.602505,-0.2946387756513072,199.9532322568841,162.16333533333338
2020-03-16,-0.041040424,-0.1781313991917025,0.5614646,-0.4727701748430097,198.22450910807396,154.66000400000001
2020-03-17,-0.038928743,0.09519849387391999,0.52253586,-0.3775716809690897,196.584734819055,158.669998
2020-03-18,-0.050020725,-0.4427566075055606,0.47251514,-0.8203282884746503,194.47773924487495,140.020004
2020-03-19,-0.026145576,0.2248207434186985,0.44636956,-0.5955075450559518,193.37642341142706,149.490005
2020-03-20,-0.04498557,-0.2630426397948553,0.401384,-0.8585501848508071,191.48152120632565,138.41000400000001
2020-03-21,-0.042742953,-0.027222243933679224,0.35864103,-0.8857724287844864,189.6810825999375,137.26333633333334
2020-03-22,-0.033159856,-0.027222243933679224,0.32548118,-0.9129946727181656,188.28430832062122,136.11666866666667
2020-03-23,-0.024598146,-0.027222243933679113,0.30088302,-0.9402169166518447,187.24817386414824,134.970001
2020-03-24,0.004350655,0.44228206248278895,0.3052337,-0.49793485416905575,187.43143442567802,153.600006
2020-03-25,0.01896166,0.03632264797119522,0.32419536,-0.46161220619786053,188.23014637871523,155.130005
2020-03-26,0.019271778,0.25307140168141407,0.34346715,-0.20854080451644647,189.0419214715711,165.78999299999995
2020-03-27,0.0031494075,-0.17686522567495686,0.34661657,-0.3854060301914033,189.17458276569087,158.33999599999999
2020-03-28,-0.008612167,0.010129190298050927,0.3380044,-0.37527683989335237,188.81181764054958,158.76666233333333
2020-03-29,-0.012021534,0.010129190298049595,0.32598287,-0.36514764959530277,188.30544083029895,159.19332866666662
2020-03-30,-0.011892244,0.010129190298051649,0.3140906,-0.3550184592972511,187.804509714891,159.619995
2020-03-31,-0.03293781,-0.11941372704979775,0.28115278,-0.47443218634704887,186.41708776996342,154.58999599999999
2020-04-01,-0.050631516,-0.22078493848692665,0.23052126,-0.6952171248339756,184.28436386111278,145.28999299999995
2020-04-02,-0.037873205,0.11015503054991982,0.19264805,-0.5850620942840558,182.68905144852042,149.929993
2020-04-03,-0.025606439,-0.07122092492451648,0.16704161,-0.6562830192085722,181.6104454681273,146.929993
2020-04-04,-0.01137731,0.0894218517010903,0.15566431,-0.5668611675074819,181.1312054917666,150.69666066666667
2020-04-05,0.0006647439,0.08942185170108968,0.15632905,-0.47743931580639226,181.15920600432224,154.46332833333332
2020-04-06,0.007206447,0.08942185170109035,0.16353549,-0.3880174641053019,181.46275892698765,158.229996
2020-04-07,0.019180227,0.18493719164312755,0.18271571,-0.20308027246217436,182.2706769665,166.020004
2020-04-08,0.034824558,0.2597190441123294,0.21754026,0.05663877165015502,183.73757241283406,176.96000700000005
2020-04-09,0.030260792,0.173303965765956,0.24780105,0.22994273741611101,185.0122309396456,184.259995
2020-04-10,0.015339934,-0.030150203421533017,0.26314098,0.199792533994578,185.65838623325314,182.9899945
2020-04-11,-0.0006044084,-0.03015020342153299,0.26253656,0.169642330573045,185.63292654281867,181.71999399999999
2020-04-12,-0.011340846,-0.030150203421532323,0.2511957,0.13949212715151268,185.155221855714,180.4499935
2020-04-13,-0.017887214,-0.030150203421533003,0.23330848,0.10934192372997968,184.40176829671003,179.179993
2020-04-14,-0.019869795,-0.022553221671838528,0.21343869,0.08678870205814115,183.5648040406762,178.229996
2020-04-15,-0.022169901,0.006884879331836388,0.19126879,0.09367358138997754,182.63095336641635,178.520004
2020-04-16,-0.020061623,-0.035135917439487296,0.17120716,0.058537663950490246,181.78590844240134,177.03999299999995
2020-04-17,-0.0028288583,0.15312527347141114,0.16837831,0.2116629374219014,181.66675028718785,183.490005
2020-04-18,0.001914231,-0.024452604605214923,0.17029254,0.18721033281668648,181.74738247378102,182.4600013333333
2020-04-19,0.0009312743,-0.024452604605214256,0.17122382,0.16275772821147222,181.7866101813172,181.42999766666665
2020-04-20,-0.00033991042,-0.024452604605214256,0.17088391,0.13830512360625796,181.77229232227424,180.399994
2020-04-21,-0.015597075,-0.1564485367896209,0.15528683,-0.018143413183362933,181.11530526795895,173.809998
2020-04-22,-0.0044475696,0.05151642154811678,0.15083927,0.03337300836475385,180.92796294599097,175.979996
2020-04-23,0.00483563,-0.022078320544441855,0.1556749,0.011294687820311993,181.13165176758878,175.050003
2020-04-24,0.01904504,0.046293529980010684,0.17471994,0.05758821780032268,181.93387555357265,177.0
2020-04-25,0.02841189,0.051753816717762205,0.20313184,0.10934203451808489,183.13065424186445,179.17999766666665
2020-04-26,0.03514627,0.05175381671776287,0.2382781,0.16109585123584774,184.61110115796038,181.35999533333333
2020-04-27,0.036747884,0.05175381671776219,0.275026,0.21284966795360993,186.15901229936492,183.53999299999998
2020-04-28,0.034721736,0.08237891730997451,0.30974773,0.2952285852635844,187.62157679890157,187.009995
2020-04-29,0.031428073,0.07169582605191316,0.3411758,0.3669244113154976,188.94540412533303,190.029999
2020-04-30,0.010046322,-0.1569234616573265,0.35122213,0.21000094965817107,189.3685803092376,183.419998
2020-05-01,-0.021728152,-0.15003855858518117,0.32949397,0.059962391072989896,188.45333701437053,177.100006
2020-05-02,-0.02249378,-0.008467432023967034,0.3070002,0.05149495904902286,187.50584385769875,176.74333700000003
2020-05-03,-0.0138256615,-0.008467432023968387,0.29317454,0.043027527025054475,186.92347336764234,176.386668
2020-05-04,-0.005780057,-0.008467432023967034,0.28739446,0.03456009500108744,186.68000260285297,176.029999
2020-05-05,0.004590506,0.05389059482078402,0.29198498,0.08845068982187146,186.8733661962163,178.300003
2020-05-06,0.003414858,-0.03276174416681937,0.29539984,0.055688945655052086,187.01720886515483,176.919998
2020-05-07,0.019207034,0.12819787852690467,0.31460688,0.18388682418195676,187.82625608920173,182.320007
2020-05-08,0.03247154,0.0728825565836217,0.3470784,0.2567693807655784,189.1940368765662,185.389999
2020-05-09,0.024673777,-0.01764692294189435,0.3717522,0.23912245782368408,190.23335740346582,184.6466673333333
2020-05-10,0.013329099,-0.017646922941894377,0.3850813,0.2214755348817897,190.79481130351093,183.90333566666664
2020-05-11,0.0055147116,-0.017646922941893017,0.390596,0.20382861193989668,191.02710445952223,183.16000400000001
2020-05-12,-0.018934384,-0.14125476321269861,0.3716616,0.06257384872719807,190.2295411488965,177.21000700000005
2020-05-13,-0.036616422,-0.12843516290844562,0.3350452,-0.06586131418124755,188.68716797033161,171.800003
2020-05-14,-0.018068338,0.06291167457480618,0.31697685,-0.0029496396064413732,187.92608504055622,174.449997
2020-05-15,-0.015309912,-0.06125004291570095,0.30166695,-0.06419968252214232,187.2811945089482,171.869995
2020-05-16,-0.0028160543,0.07921357452262874,0.2988509,0.015013892000486417,187.16257552522734,175.206665
2020-05-17,0.013889384,0.0792135745226294,0.31274027,0.09422746652311582,187.74762994695126,178.543335
2020-05-18,0.02675603,0.07921357452262874,0.33949628,0.17344104104574457,188.874659050907,181.880005
2020-05-19,0.01193236,-0.09614831986902225,0.35142866,0.07729272117672231,189.3772798632394,177.830002
2020-05-20,0.017908236,0.08570251299250112,0.3693369,0.16299523416922343,190.13161906947977,181.440002
2020-05-21,0.010559856,-0.03181191817171708,0.37989676,0.13118331599750635,190.57642613578048,180.100006
2020-05-22,0.0063095475,-0.004036161036397562,0.3862063,0.1271471549611088,190.84219939355634,179.929993
2020-05-23,0.013889998,0.09573282292808949,0.4000963,0.22287997788919828,191.4272801775651,183.96249425
2020-05-24,0.01832114,0.09573282292809016,0.41841742,0.31861280081728843,192.19901095972773,187.99499550000002
2020-05-25,0.020755583,0.09573282292808949,0.439173,0.4143456237453779,193.0732872639317,192.02749675
2020-05-26,0.02344314,0.09573282292808954,0.46261615,0.5100784466734675,194.06076949603317,196.059998
2020-05-27,0.033146434,0.3228683354329913,0.4957626,0.8329467821064588,195.45697886924543,209.66000400000001
2020-05-28,0.014304396,-0.20036827334189833,0.510067,0.6325785087645605,196.05951525186825,201.220001
2020-05-29,-0.00036727104,-0.1122915633364211,0.5096997,0.5202869454281394,196.04404435669966,196.490005
2020-05-30,-0.0012634699,0.027222125232137295,0.5084362,0.5475090706602767,195.99082266962014,197.63666766666665
2020-05-31,0.0016460246,0.027222125232137295,0.51008224,0.574731195892414,196.06015798947993,198.7833303333333
2020-06-01,-0.0043419427,0.02722212523213796,0.5057403,0.6019533211245519,195.87726398924434,199.929993
2020-06-02,0.0054283077,0.09994684041925439,0.5111686,0.7019001615438063,196.10591789459886,204.139999
2020-06-03,0.01661008,0.15265037234401313,0.5277787,0.8545505338878194,196.80557544531757,210.57000699999998
2020-06-04,0.024753232,0.10089631030973167,0.5525319,0.9554468441975511,197.84824147169985,214.82000699999998
2020-06-05,0.025242755,0.07359474209255923,0.57777464,1.0290415862901103,198.91152782622555,217.919998
2020-06-06,0.024844997,0.02286983033687262,0.60261965,1.051911416626983,199.95806032105307,218.88333133333333
2020-06-07,0.026215531,0.02286983033687262,0.6288352,1.0747812469638556,201.06232370901705,219.84666466666667
2020-06-08,0.02667363,0.02286983033687262,0.6555088,1.0976510773007282,202.18588177880034,220.809998
2020-06-09,0.015844233,-0.06433604559268002,0.67135304,1.0333150317080482,202.85327942493916,218.100006
2020-06-10,-0.0011708225,-0.1087306595320453,0.6701822,0.9245843721760029,202.80396186671183,213.520004
2020-06-11,-0.047520842,-0.4603245543551494,0.6226614,0.46425981782085346,200.8022685563607,194.130005
2020-06-12,-0.020408893,0.18161321611566694,0.60225254,0.6458730339365204,199.94259695796586,201.779999
2020-06-13,0.0035354304,0.0358478576319029,0.605788,0.6817208915684233,200.09151876045294,203.28999866666663
2020-06-14,0.0140293045,0.03584785763190368,0.6198173,0.717568749200327,200.68246829120898,204.7999983333333
2020-06-15,0.020789802,0.03584785763190501,0.6406071,0.753416606832232,201.55818573365164,206.309998
2020-06-16,0.028811788,0.07786816377018757,0.66941893,0.8312847706024196,202.77180992196514,209.58999599999999
2020-06-17,0.019053005,-0.08071690580593538,0.6884719,0.7505678647964842,203.57436825789728,206.190002
2020-06-18,0.014149029,-0.05578986696605459,0.7026209,0.6947779978304296,204.1703592617949,203.83999599999999
2020-06-19,-0.0004898464,-0.052465867698284985,0.7021311,0.6423121301321446,204.14972638018253,201.630005
2020-06-20,-0.0039472277,0.014164995229822064,0.6981839,0.6564771253619667,203.9834607049553,202.2266693333333
2020-06-21,-0.0030774234,0.014164995229823396,0.69510645,0.6706421205917901,203.85383107359374,202.82333366666663
2020-06-22,0.00021592337,0.014164995229824062,0.6953224,0.6848071158216141,203.86292731721525,203.419998
2020-06-23,0.003966759,0.03228684303942275,0.69928914,0.7170939588610369,204.03001650000743,204.779999
2020-06-24,-0.011572888,-0.1604843654617023,0.68771625,0.5566095933993346,203.54253768195642,198.020004
2020-06-25,0.01011058,0.21556204691881986,0.6978268,0.7721716403181544,203.96841913842576,207.100006
2020-06-26,-0.020889016,-0.4251890167605968,0.67693776,0.34698262355755766,203.0885213908134,189.190002
2020-06-27,-0.023398116,0.033869498606222403,0.65353966,0.38085212216378006,202.1029359878745,190.6166683333333
2020-06-28,-0.010515385,0.03386949860622307,0.64302427,0.41472162077000313,201.66000189914533,192.04333466666665
2020-06-29,-0.0012671733,0.03386949860622307,0.6417571,0.4485911193762262,201.6066245490505,193.470001
2020-06-30,0.012744209,0.09852213703706447,0.65450126,0.5471132564132907,202.1434410108792,197.619995
2020-07-01,0.017849442,-0.0011867305317085908,0.6723507,0.5459265258815821,202.89530341769023,197.570007
2020-07-02,0.012519619,-0.00403616103639759,0.6848703,0.5418903648451845,203.42265958529703,197.399994
2020-07-03,0.015699811,0.059113409232888325,0.7005701,0.6010037740780728,204.08397382036907,199.88999575
2020-07-04,0.015939936,0.059113409232888325,0.71651006,0.6601171833109611,204.75540364074365,202.3799975
2020-07-05,0.01618184,0.059113409232888325,0.7326919,0.7192305925438495,205.43702185654087,204.86999925
2020-07-06,0.014689328,0.059113409232888325,0.7473812,0.7783440017767378,206.05577229969578,207.360001
2020-07-07,-0.013697321,-0.18992246646537725,0.7336839,0.5884215353113605,205.47880733338133,199.360001
2020-07-08,-0.009191075,0.06860946727030892,0.7244928,0.6570310025816695,205.09165583940322,202.25
2020-07-09,-0.015524762,-0.12867242354967623,0.70896804,0.5283585790319932,204.4377155120089,196.830002
2020-07-10,0.009031928,0.20725279656910967,0.718,0.7356113756011029,204.81816345355273,205.559998
2020-07-11,0.017149959,0.02627266325509614,0.73515,0.761884038856199,205.54056286867214,206.666667
2020-07-12,0.013217357,0.026272663255096806,0.7483673,0.7881567021112958,206.09730921785047,207.773336
2020-07-13,0.009828316,0.026272663255096806,0.75819564,0.8144293653663927,206.51130253919754,208.880005
2020-07-14,0.022995414,0.12178754421784055,0.78119105,0.9362169095842332,207.47992569485325,214.00999500000003
2020-07-15,0.021910511,0.06860946727030837,0.80310154,1.0048263768545416,208.4028492020411,216.899994
2020-07-16,0.014358276,-0.05294079256599071,0.8174598,0.9518855842885509,209.00765525185517,214.669998
2020-07-17,0.0024221085,-0.07739326264279078,0.8198819,0.8744923216457601,209.1096798049339,211.41000400000001
2020-07-18,0.0016853729,0.0023740545711252725,0.8215673,0.8768663762168853,209.1806721826988,211.510005
2020-07-19,0.0025515058,0.0023740545711253835,0.8241188,0.8792404307880107,209.28814745200782,211.610006
2020-07-20,0.0033144734,0.0023740545711252725,0.8274333,0.881614485359136,209.42776211259456,211.710007
2020-07-21,0.0053062695,0.007359424354608679,0.83273953,0.8889739097137447,209.65127411705566,212.020004
2020-07-22,-0.005635967,-0.14291675097642964,0.82710356,0.746057158737315,209.41387295451722,206.0
2020-07-23,-0.012848988,-0.0707460237971197,0.8142546,0.6753111349401953,208.87264269299578,203.020004
2020-07-24,-0.013300298,-0.0367975490985919,0.8009543,0.6385135858416034,208.31240145805396,201.470001
2020-07-25,-0.0055029015,0.012265849699530817,0.7954514,0.6507794355411343,208.0806066747611,201.98666866666667
2020-07-26,0.0041614175,0.012265849699530151,0.7996128,0.6630452852406644,208.2558957834898,202.50333633333332
2020-07-27,0.009886301,0.012265849699530929,0.80949914,0.6753111349401953,208.6723320099,203.020004
2020-07-28,0.005361052,-0.033236645294216105,0.8148602,0.6420744896459792,208.89815385265308,201.619995
2020-07-29,0.00899904,0.022790862158003855,0.8238593,0.6648653518039831,209.27721589122172,202.580002
2020-07-30,0.004427692,-0.07240801156085008,0.82828695,0.592457340243133,209.46372026913542,199.529999
2020-07-31,-0.0005619081,-0.03727209412136345,0.82772505,0.5551852461217696,209.44005195872413,197.96000700000002
2020-08-01,0.0016583097,0.011316150319405915,0.8293834,0.5665013964411755,209.5099044815058,198.436671
2020-08-02,0.0048604934,0.011316150319406582,0.8342439,0.5778175467605821,209.71464151776328,198.913335
2020-08-03,0.00668874,0.01131615031940647,0.8409326,0.5891336970799885,209.99638655411997,199.389999
2020-08-04,0.015883962,0.05341569369338739,0.8568166,0.6425493907733759,210.66545883302047,201.639999
2020-08-05,0.030090434,0.06837220662907761,0.88690704,0.7109215974024535,211.9329424246376,204.520004
2020-08-06,0.026792563,-0.00640997820443967,0.9136996,0.7045116191980139,213.0615118392369,204.25
2020-08-07,0.026420781,0.09543613436008525,0.9401204,0.7999477535580991,214.1744195459392,208.270004
2020-08-08,0.019994793,0.008783921987459253,0.9601152,0.8087316755455584,215.0166493545359,208.6400043333333
2020-08-09,0.0139556285,0.008783921987460475,0.97407085,0.8175155975330188,215.60449566776055,209.01000466666667
2020-08-10,0.010986602,0.00878392198745992,0.9850575,0.8262995195204788,216.06727930163788,209.380005
2020-08-11,0.0054422165,0.03988355177557101,0.9904997,0.8661830712960498,216.2965181986468,211.059998
2020-08-12,0.008230271,0.02540229607190181,0.99872994,0.8915853673679516,216.64319730863954,212.13000499999998
2020-08-13,-0.0032547123,-0.0887888955144136,0.99547523,0.802796471853538,216.50610087392982,208.389999
2020-08-14,-0.0065761455,-0.009970882008815574,0.9888991,0.7928255898447224,216.22909853815304,207.970001
2020-08-15,-0.009578723,-0.03877578942273108,0.9793204,0.7540498004219913,215.82562000242203,206.33666966666667
2020-08-16,-0.010738429,-0.03877578942273119,0.968582,0.7152740109992601,215.37329089750966,204.70333833333333
2020-08-17,-0.013668038,-0.03877578942273119,0.9549139,0.676498221576529,214.79755868184887,203.070007
2020-08-18,-0.018919917,-0.04178315628515772,0.93599397,0.6347150652913712,214.00060421446855,201.309998
2020-08-19,-0.004551337,0.04059606964882412,0.9314426,0.6753111349401953,213.80889014692895,203.020004
2020-08-20,0.0024170442,-0.027776113239944666,0.93385965,0.6475350217002507,213.91070129103508,201.850006
2020-08-21,0.008411164,0.013769070194731614,0.9422708,0.6613040918949823,214.26500035669753,202.429993
2020-08-22,0.016110022,0.038854995004683035,0.9583808,0.7001590868996653,214.943593186471,204.06666066666665
2020-08-23,0.022605188,0.03885499500468381,0.980986,0.7390140819043491,215.8957788298468,205.70332833333333
2020-08-24,0.025363527,0.038854995004683035,1.0063496,0.7778690769090322,216.9641543606962,207.33999599999999
2020-08-25,0.016304191,-0.031811918171717135,1.0226537,0.746057158737315,217.650924520162,206.0
2020-08-26,0.01604914,0.028963199876278267,1.0387028,0.7750203586135933,218.32695393157016,207.220001
2020-08-27,0.022010734,0.0695589371607862,1.0607135,0.8445792957743795,219.25409791502844,210.149994
2020-08-28,0.006731269,-0.05792604364793141,1.0674448,0.7866532521264481,219.5376355867552,207.71000700000002
2020-08-29,-0.0053814617,-0.022474253492970497,1.0620633,0.7641789986334776,219.310955086724,206.7633363333333
2020-08-30,-0.010188245,-0.022474253492969054,1.0518751,0.7417047451405085,218.881802196239,205.81666566666667
2020-08-31,-0.0119356755,-0.02247425349296983,1.0399394,0.7192304916475387,218.37904078505403,204.869995
2020-09-01,-0.004310068,0.014007066785521993,1.0356294,0.7332375584330607,218.19749251669288,205.46000700000002
2020-09-02,0.017745592,0.10873027968711191,1.053375,0.8419678381201726,218.94498129491194,210.039993
2020-09-03,0.00192133,-0.05887584590272543,1.0552963,0.7830919922174472,219.0259109987199,207.559998
2020-09-04,0.00843221,0.08024233704285477,1.0637286,0.863334329260302,219.381098849986,210.940002
2020-09-05,-0.0004160544,-0.05021078768224674,1.0633125,0.8131235415780552,219.36357420729257,208.8250005
2020-09-06,-0.012058639,-0.05021078768224596,1.0512539,0.7629127538958093,218.85563574550105,206.709999
2020-09-07,-0.020428818,-0.05021078768224674,1.0308251,0.7127019662135625,217.99512557537847,204.5949975
2020-09-08,-0.023319187,-0.05021078768224663,1.0075059,0.6624911785313159,217.01286182033118,202.479996
2020-09-09,-0.01604572,-0.006172361458583353,0.9914602,0.6563188170727325,216.33697802916316,202.220001
2020-09-10,-0.014694885,-0.052466223802910106,0.97676533,0.6038525932698224,215.71799409148525,200.009995
2020-09-11,-0.0066545866,0.021603751781361313,0.9701108,0.6254563450511837,215.43768768267347,200.919998
2020-09-12,-0.0017888694,0.003323627336271673,0.9683219,0.6287799723874554,215.36233674047938,201.0599973333333
2020-09-13,0.0013744339,0.003323627336271562,0.96969634,0.632103599723727,215.42023082871253,201.19999666666664
2020-09-14,0.0041206535,0.003323627336272228,0.973817,0.6354272270599992,215.59380262288502,201.33999599999999
2020-09-15,-0.006461597,-0.07929253478806131,0.9673554,0.5561346922719379,215.32162332988963,198.0
2020-09-16,0.002810699,0.0636238600837431,0.9701661,0.619758552355681,215.44001760651582,200.679993
2020-09-17,-0.0070082666,-0.13888058994003205,0.96315783,0.48087796241564895,215.14481274072082,194.830002
2020-09-18,-0.009936293,0.0007121855089369244,0.95322156,0.4815901479245859,214.72627255290988,194.860001
2020-09-19,-0.00964171,-0.006805562961778644,0.94357985,0.47478458496280723,214.32014021383688,194.57333400000002
2020-09-20,-0.010395407,-0.00680556296177931,0.93318444,0.4679790220010279,213.8822601517183,194.286667
2020-09-21,-0.011074506,-0.0068055629617786995,0.92210996,0.4611734590392492,213.41577575518625,194.0
2020-09-22,-0.015378237,-0.056502052474991515,0.9067317,0.4046714065642577,212.76800671314157,191.619995
2020-09-23,-0.034889765,-0.13057169569494687,0.87184197,0.27409971086931084,211.2983645677951,186.119995
2020-09-24,6.322474e-05,0.21342551413231808,0.8719052,0.4875252250016289,211.30102841391223,195.110001
2020-09-25,0.008087328,-0.0037985442905411615,0.87999254,0.48372668071108776,211.6416868801831,194.949997
2020-09-26,0.0076277903,0.03260343587758324,0.88762033,0.516330116588671,211.96298789728974,196.32333366666663
2020-09-27,0.010153336,0.032603435877583964,0.8977737,0.548933552466255,212.39067203190433,197.6966703333333
2020-09-28,0.012423577,0.032603435877585296,0.91019726,0.5815369883438403,212.9139834718064,199.070007
2020-09-29,0.002362398,-0.054128235306949324,0.9125596,0.5274087530368909,213.01349230970192,196.78999299999998
2020-09-30,0.0110816425,0.0992346786506264,0.92364126,0.6266434316875173,213.48027798948948,200.970001
2020-10-01,0.0014074906,-0.05745149862515975,0.92504877,0.5691919330623576,213.53956551277918,198.550003
2020-10-02,0.0012820258,0.03204920255325727,0.9263308,0.6012411356156149,213.59356802562914,199.899994
2020-10-03,0.0024105078,0.015035599816100365,0.92874134,0.6162767354317152,213.69510550411155,200.5333303333333
2020-10-04,0.003712583,0.015035599816100254,0.93245393,0.6313123352478155,213.85148908855922,201.16666666666663
2020-10-05,0.006752763,0.015035599816101586,0.9392067,0.6463479350639171,214.1359331207462,201.800003
2020-10-06,0.0008978104,-0.01685578508096086,0.94010454,0.6294921499829562,214.17375170138956,201.08999599999999
2020-10-07,0.008105988,0.05958841125659575,0.94821054,0.689080561239552,214.51519601481846,203.600006
2020-10-08,0.022844223,0.10398231298671079,0.97105473,0.7930628742262628,215.4774495403147,207.979996
2020-10-09,0.018290682,-0.010445806876521191,0.98934543,0.7826170673497416,216.24789861329464,207.53999299999998
2020-10-10,0.018632522,0.05207042538279705,1.007978,0.8346874927325386,217.03274651519249,209.733327
2020-10-11,0.023124915,0.05207042538279627,1.0311029,0.8867579181153349,218.00682540846606,211.926661
2020-10-12,0.025421564,0.05207042538279694,1.0565245,0.9388283434981318,219.0776463550724,214.11999500000002
2020-10-13,0.0097114965,-0.07858034927912516,1.066236,0.8602479942190067,219.48671871658007,210.809998
2020-10-14,0.004166448,0.009970882008815574,1.0704025,0.8702188762278222,219.66222123428136,211.229996
2020-10-15,-0.0045801937,-0.0624367734474095,1.0658224,0.8077821027804127,219.46929450163847,208.600006
2020-10-16,-0.014464269,-0.056739313116222934,1.0513581,0.7510427896641898,218.8600244382558,206.21000700000002
2020-10-17,-0.013454338,-0.004115026340597239,1.0379038,0.7469277633235926,218.2932955705461,206.036672
2020-10-18,-0.01155097,-0.004115026340597128,1.0263528,0.7428127369829954,217.80673817711806,205.863337
2020-10-19,-0.008584724,-0.004115026340597239,1.017768,0.7386977106423982,217.44512797112276,205.690002
2020-10-20,0.00785344,0.05555225022019816,1.0256214,0.7942499608625964,217.77593196424584,208.029999
2020-10-21,-0.009011804,-0.12155025983629963,1.0166097,0.6726997010262967,217.39633514789872,202.91000400000001
2020-10-22,0.00018682347,0.059113130284265014,1.0167965,0.7318128313105617,217.4042036622542,205.399994
2020-10-23,0.005035792,-0.008546534731250555,1.0218322,0.7232662965793112,217.6163221382708,205.03999299999998
2020-10-24,-0.0023489578,-0.030862353320006863,1.0194833,0.6924039432593043,217.51738071717307,203.739995
2020-10-25,-0.0067250356,-0.030862353320006863,1.0127583,0.6615415899392975,217.23410415760105,202.439997
2020-10-26,-0.008142278,-0.03086235332000764,1.004616,0.6306792366192898,216.89113334234443,201.139999
2020-10-27,-0.020751689,-0.12962222580446958,0.9838643,0.5010570108148202,216.0170202332372,195.679993
2020-10-28,-0.03137525,-0.14030496095790596,0.9524891,0.3607520498569143,214.69541863685552,189.770004
2020-10-29,-0.024334757,0.004035804931772469,0.92815435,0.36478785478868675,213.67038019161228,189.940002
2020-10-30,-0.022199387,-0.021366491140130006,0.90595496,0.34342136364855674,212.73528735159707,189.03999299999998
2020-10-31,-0.01665876,0.009179617532904694,0.8892962,0.35260098118146144,212.03357856404733,189.426661
2020-11-01,-0.01146184,0.009179617532904638,0.8778343,0.3617805987143661,211.55077716853754,189.813329
2020-11-02,-0.003804339,0.009179617532903972,0.87403,0.37096021624727005,211.39052962633843,190.199997
2020-11-03,0.028521847,0.18351248826093747,0.90255183,0.5544727045082075,212.59193928933627,197.929993
2020-11-04,0.033571675,-0.001424371017873849,0.9361235,0.5530483334903337,214.00605995208645,197.869995
2020-11-05,0.0425256,0.12083845417229666,0.9786491,0.6738867876626303,215.797342058202,202.96000700000002
2020-11-06,0.033263683,-0.0403588090075927,1.0119128,0.6335279786550376,217.198492476804,201.259995
2020-11-07,0.030988103,0.10817665569736579,1.0429009,0.7417046343524034,218.50378711698312,205.816661
2020-11-08,0.031584006,0.10817665569736501,1.074485,0.8498812900497684,219.83418367373085,210.373327
2020-11-09,0.03222347,0.10817665569736645,1.1067084,0.9580579457471349,221.19151495351792,214.92999300000002
2020-11-10,0.025179984,0.06030057302522229,1.1318884,1.0183585187723572,222.25215754747683,217.47000099999997
2020-11-11,0.021856636,0.013769426299356624,1.153745,1.0321279450717138,223.17281389816725,218.05000299999998
2020-11-12,0.0039456943,-0.08404088133339449,1.1576908,0.9480870637383193,223.33901680604959,214.50999500000003
2020-11-13,0.008707925,0.10849337515050428,1.1663986,1.0565804388888236,223.70581410542664,219.080002
2020-11-14,0.009787785,0.02611436287929747,1.1761864,1.082694801768121,224.11810015499267,220.180003
2020-11-15,0.00919526,0.02611436287929747,1.1853817,1.1088091646474185,224.50542488684272,221.280004
2020-11-16,0.011469039,0.02611436287929747,1.1968507,1.134923527526716,224.98852756560797,222.38000499999998
2020-11-17,0.017609019,0.05389023871615972,1.2144597,1.1888137662428757,225.73026183364743,224.649994
2020-11-18,0.014750815,-0.008308894245085963,1.2292105,1.1805048719977898,226.35160331279945,224.30000299999998
2020-11-19,0.016886178,0.006409978204439781,1.2460967,1.1869148502022295,227.06289290787325,224.57000699999998
2020-11-20,0.011653388,-0.0289631998762776,1.2577502,1.157951650325952,227.55376367324214,223.350006
2020-11-21,0.014864636,0.043365598189183174,1.2726148,1.201317248515135,228.17990057754378,225.17667133333333
2020-11-22,0.020295482,0.04336559818918384,1.2929103,1.244682846704319,229.03479683633935,227.00333666666668
2020-11-23,0.023023492,0.043365598189183174,1.3159338,1.2880484448935021,230.0046025287728,228.830002
2020-11-24,0.033111084,0.2058284255512357,1.3490449,1.4938768704447378,231.39932306056426,237.5
2020-11-25,0.028712124,-0.022790862158003078,1.3777571,1.4710860082867347,232.60874936885148,236.539993
2020-11-26,0.022055047,-0.013531963865504482,1.3998121,1.4575540444212303,233.5377613084937,235.9699935
2020-11-27,0.016965976,-0.013531963865503815,1.4167781,1.4440220805557265,234.25241021186605,235.399994
2020-11-28,0.006660866,-0.038142698707640976,1.4234389,1.4058793818480855,234.5329802435264,233.79333
2020-11-29,-0.003091536,-0.038142698707640976,1.4203473,1.3677366831404445,234.40275557773526,232.186666
2020-11-30,-0.010664982,-0.038142698707640976,1.4096824,1.3295939844328035,233.9535221582729,230.580002
2020-12-01,-0.0065474333,0.035610462462258186,1.403135,1.3652044468950617,233.67772746621182,232.080002
2020-12-02,0.015435104,0.1322333273540519,1.41857,1.4974377742491136,234.32789171013752,237.649994
2020-12-03,0.011188786,-0.051753705929657556,1.4297588,1.445684068319456,234.79918910667578,235.47000099999997
2020-12-04,0.01509416,0.0975726908868968,1.444853,1.5432567592063529,235.43499218209055,239.580002
2020-12-05,0.014410813,-0.0089422223632587,1.4592638,1.5343145368430942,236.04201266383234,239.20333366666668
2020-12-06,0.010489732,-0.00894222236325981,1.4697535,1.5253723144798343,236.48386464353558,238.8266653333333
2020-12-07,0.0067189066,-0.008942222363257146,1.4764724,1.5164300921165772,236.76688009095287,238.44999700000002
2020-12-08,0.007966339,0.009258696499877761,1.4844387,1.525688788616455,237.1024393381248,238.83999599999999
2020-12-09,0.010024366,0.09448668820991646,1.494463,1.6201754768263714,237.5246878206719,242.82000699999998
2020-12-10,0.015950812,0.03750937850290437,1.5104138,1.6576848553292758,238.19657458731726,244.399994
2020-12-11,-0.0027800307,-0.10469449849564838,1.5076337,1.5529903568336274,238.07947080730204,239.99000499999997
2020-12-12,-0.007693843,-0.017409654387226414,1.4999398,1.535580702446401,237.75538543077607,239.25666766666663
2020-12-13,-0.005783203,-0.017409654387225526,1.4941566,1.5181710480591755,237.5117828545624,238.52333033333332
2020-12-14,-0.0042507723,-0.017409654387225526,1.4899058,1.50076139367195,237.3327302158341,237.789993
2020-12-15,0.018722648,0.11015503054991904,1.5086285,1.610916424221869,238.1213742867509,242.42999300000002
2020-12-16,0.024911257,0.03181227427634159,1.5335398,1.6427286984982106,239.17069867307916,243.770004
2020-12-17,0.021750836,0.015668342340002805,1.5552906,1.6583970408382134,240.08689603158857,244.42999300000002
2020-12-18,0.007717941,-0.05460242422509731,1.5630085,1.603794616613116,240.411995728408,242.13000499999998
2020-12-19,0.014409367,0.1175145736060692,1.577418,1.7213091902191853,241.01895595349868,247.080007
2020-12-20,0.02448996,0.11751457360606832,1.601908,1.8388237638252536,242.05053475607951,252.03000899999998
2020-12-21,0.028813275,0.11751457360606898,1.6307212,1.9563383374313226,243.2642192010441,256.980011
2020-12-22,0.004001745,-0.1635710803479309,1.634723,1.7927672570833917,243.4327821610943,250.08999599999999
2020-12-23,0.011347914,0.15098874068490864,1.6460708,1.9437559977683003,243.91078311006686,256.450012
2020-12-24,0.012002402,-0.006884879331836347,1.6580732,1.936871118436464,244.41635147691534,256.160004
2020-12-25,0.010564346,0.020357266893641368,1.6686375,1.9572283853301053,244.8613468452507,257.01750200000004
2020-12-26,0.008471646,0.020357266893640258,1.6771091,1.9775856522237456,245.21819175442192,257.875
2020-12-27,0.0071823923,0.020357266893641368,1.6842915,1.997942919117387,245.5207303567939,258.732498
2020-12-28,0.0076774014,0.020357266893640036,1.6919689,2.018300186011027,245.8441227818323,259.589996
2020-12-29,0.004130903,-0.03750935476259465,1.6960999,1.9807908312484324,246.0181289260314,258.01001
2020-12-30,0.0057010585,0.03418609144438434,1.701801,2.0149769226928167,246.2582717661947,259.450012
2020-12-31,0.014477777,0.10113321484633886,1.7162787,2.1161101375391556,246.86810924637518,263.709991
2021-01-01,0.009349474,0.0076563028450791215,1.7256281,2.1237664403842347,247.26193165376824,264.03249325
2021-01-02,0.00592778,0.007656302845079566,1.7315559,2.1314227432293142,247.51162517313008,264.35499550000003
2021-01-03,0.006317518,0.007656302845078233,1.7378734,2.1390790460743925,247.77773360852763,264.67749775
2021-01-04,0.007738892,0.007656302845079566,1.7456124,2.146735348919472,248.10371706956312,265.0
2021-01-05,0.021408338,0.14077986208530335,1.7670207,2.2875152110047754,249.0054879815229,270.929993
2021-01-06,0.037002318,0.3470831887639343,1.804023,2.6345983997687097,250.56411664706746,285.549988
2021-01-07,0.04028979,0.14481602312170017,1.8443128,2.77941442289041,252.2612201182156,291.649994
2021-01-08,0.03166792,-0.0372724502259878,1.8759807,2.742141972664422,253.5951517318275,290.079987
2021-01-09,0.024966918,0.029675385385215414,1.9009477,2.7718173580496375,254.64682110616087,291.329987
2021-01-10,0.020676581,0.02967538538521497,1.9216243,2.8014927434348524,255.51777074108566,292.579987
2021-01-11,0.017254608,0.029675385385215414,1.9388789,2.831168128820068,256.2445764238164,293.829987
2021-01-12,0.016481174,0.19894387858371543,1.95536,3.0301120074037833,256.93880334385517,302.209991
2021-01-13,0.009800335,0.01733068620835665,1.9651604,3.04744269361214,257.35161663911833,302.940002
2021-01-14,0.007825599,0.11703955377713138,1.972986,3.1644822473892713,257.68125064893263,307.869995
2021-01-15,-0.01057591,-0.16285815888943622,1.9624101,3.001624088499835,257.2357682060009,301.01001
2021-01-16,-0.015716061,-0.04041786302450756,1.946694,2.9612062254753275,256.5737685515227,299.3075105000001
2021-01-17,-0.017916797,-0.040417863024511114,1.9287772,2.9207883624508164,255.8190690607226,297.605011
2021-01-18,-0.01651572,-0.04041786302450889,1.9122615,2.8803704994263075,255.12338593828235,295.9025115
2021-01-19,-0.01970074,-0.04041786302450845,1.8925607,2.839952636401799,254.29354138217946,294.200012
2021-01-20,-0.025612313,-0.0885516111328748,1.8669484,2.7514010252689243,253.21468621542715,290.47000099999997
2021-01-21,-0.017264644,-0.026114481580838067,1.8496838,2.725286543688086,252.48745873613873,289.369995
2021-01-22,-0.0036269687,0.00047528097232962807,1.8460568,2.725761824660416,252.33468301867538,289.390015
2021-01-23,0.00028987502,-0.05025036673291439,1.8463467,2.6755114579275014,252.34689503329724,287.27334633333334
2021-01-24,0.002249552,-0.05025036673291439,1.8485963,2.625261091194587,252.44165363853148,285.15667766666667
2021-01-25,0.0010895521,-0.05025036673291439,1.8496859,2.5750107244616727,252.48754912111536,283.040009
2021-01-26,1.1156459e-05,-0.030387570894151672,1.8496971,2.544623153567521,252.48802113154898,281.76001
2021-01-27,-0.01998217,-0.2001313450649822,1.8297149,2.344491808502539,251.64632107934312,273.329987
2021-01-28,-0.014943459,0.04012116852142711,1.8147714,2.384612977023966,251.0168650378437,275.019989
2021-01-29,-0.023726398,-0.09139961721906387,1.7910451,2.293213359804902,250.01745324417234,271.170013
2021-01-30,-0.019486997,0.028171816698825403,1.771558,2.3213851765037274,249.19661203602053,272.356679
2021-01-31,-0.011291434,0.028171816698826735,1.7602667,2.349556993202554,248.7209912247662,273.54334500000004
2021-02-01,-0.0043009985,0.02817181669882407,1.7559657,2.3777288099013782,248.53982458186198,274.730011
2021-02-02,0.028564941,0.29058113628894366,1.7845306,2.668309946190322,249.74304947647403,286.97000099999997
2021-02-03,0.036393188,0.03750937850290459,1.8209238,2.7058193246932265,251.2760188514274,288.549988
2021-02-04,0.03452733,0.12344988808619517,1.8554511,2.8292692127794217,252.73039346780274,293.75
2021-02-05,0.023110513,-0.005935077077042994,1.8785616,2.8233341357023787,253.70386477317777,293.5
2021-02-06,0.015470295,0.05262430260249751,1.8940319,2.875958438304876,254.3555103264429,295.71666466666665
2021-02-07,0.013414108,0.052624302602499284,1.907446,2.9285827409073755,254.92054698653436,297.93332933333335
2021-02-08,0.013139819,0.05262430260249795,1.9205859,2.9812070435098734,255.47402943377838,300.149994
2021-02-09,0.006730388,0.007359424354608457,1.9273163,2.988566467864482,255.757531955792,300.459991
2021-02-10,0.009111206,0.09068816765968624,1.9364275,3.079254635524168,256.1413166093902,304.2799990000001
2021-02-11,0.0036559803,-0.046530814361553485,1.9400835,3.0327238211626146,256.29531754542586,302.320007
2021-02-12,0.008610648,0.09496123323268835,1.9486941,3.127685054395303,256.65801739252845,306.320007
2021-02-13,0.009586469,0.03347373975328782,1.9582806,3.161158794148591,257.06182231845287,307.7300029999999
2021-02-14,0.009536879,0.033473739753294485,1.9678174,3.1946325339018853,257.4635383471394,309.1399990000001
2021-02-15,0.010882755,0.03347373975328738,1.9787002,3.2281062736551727,257.9219458417309,310.549995
2021-02-16,0.013250892,0.033473739753289156,1.9919511,3.261580013408462,258.48010822221,311.959991
2021-02-17,0.010888928,0.01851741674006524,2.00284,3.280097430148527,258.9387768289563,312.73999
2021-02-18,0.0009946433,-0.0674223806339751,2.0038347,3.212675049514552,258.98067528701756,309.899994
2021-02-19,0.010237926,0.1357945872630535,2.0140727,3.3484696367776055,259.41192209612814,315.619995
2021-02-20,0.012334741,0.009891795128405434,2.0264075,3.358361431906011,259.93149511296855,316.0366616666667
2021-02-21,0.0116609,0.009891795128404102,2.0380683,3.368253227034415,260.4226772043681,316.45332833333333
2021-02-22,0.011336521,0.009891795128405434,2.0494049,3.3781450221628204,260.9002011215195,316.869995
2021-02-23,0.016534997,0.055552226479889555,2.06594,3.43369724864271,261.5966977087495,319.209991
2021-02-24,0.028691666,0.27135229372980696,2.0946317,3.705049542372517,262.80526535975866,330.640015
2021-02-25,0.011869952,-0.06837220662907662,2.1065016,3.6366773357434403,263.30525496499325,327.76001
2021-02-26,-0.011767036,-0.19656972905135817,2.0947344,3.440107606692082,262.8095937958623,319.480011
2021-02-27,-0.0063118585,0.08261628873931182,2.0884225,3.522723895431394,262.54372136568156,322.9600116666667
2021-02-28,0.0067937323,0.08261628873931048,2.0952163,3.6053401841707045,262.8298902445061,326.4400123333333
2021-03-01,0.015768027,0.08261628873931137,2.1109843,3.687956472910016,263.4940792239741,329.920013
2021-03-02,0.01736465,0.024214853330944752,2.128349,3.7121713262409606,264.22552466883917,330.940002
2021-03-03,0.0140903285,0.08285346233274682,2.1424394,3.7950247885737074,264.8190426393481,334.429993
2021-03-04,0.0140903285,0.08285346233274682,2.1565297,3.877878250906454,265.41256060985705,337.91998400000006
2021-03-05,0.0064383154,-0.12202480485907286,2.162968,3.7558534460473814,265.68375571088455,332.78000000000003
2021-03-06,0.0015530279,-0.045581724316006156,2.164521,3.710271721731375,265.7491743484232,330.85998600000005
2021-03-07,-0.0006190718,0.05396968961462978,2.1639018,3.764241411346005,265.7230932612743,333.1333216666667
2021-03-08,0.00052305695,0.05396968961463022,2.164425,3.818211100960635,265.74512711002467,335.4066573333333
2021-03-09,0.003933943,0.053969689614631555,2.1683588,3.8721807905752668,265.9108329005354,337.679993
2021-03-10,0.0023307856,-0.08546525235126978,2.1706896,3.786715538223997,266.0090110707193,334.079987
2021-03-11,-0.005549253,0.2713515577802501,2.1651404,4.0580670960042475,265.77526547834725,345.50998000000004
2021-03-12,-0.005144055,0.0018996282498950912,2.1599963,4.059966724254142,265.5585825610102,345.58999700000004
2021-03-13,0.0025492616,0.15929727882536815,2.1625454,4.219264003079511,265.6659599132612,352.29998900000004
2021-03-14,0.0034185732,-0.02184116277787762,2.1659641,4.197422840301633,265.80996326660267,351.3799856666668
2021-03-15,0.008453565,-0.02184116277788295,2.1744177,4.17558167752375,266.1660499462476,350.4599823333333
2021-03-16,-0.00015284307,-0.02184116277787762,2.174265,4.153740514745873,266.15961252735565,349.539979
2021-03-17,0.001699614,-0.10303286683654189,2.1759646,4.050707647909331,266.2312074716315,345.1999820000001
2021-03-18,-0.00090334134,0.07691909746495273,2.1750612,4.127626745374283,266.1931553964651,348.44000300000005
2021-03-19,-0.0029255855,0.07240765545622452,2.1721356,4.200034400830508,266.069920502201,351.48999100000003
2021-03-20,-0.0005313223,-0.09021288668735394,2.1716042,4.109821514143154,266.04753515631927,347.69000300000005
2021-03-21,-0.0009896925,-0.03853863165616822,2.1706145,4.071282882486986,266.0058475965368,346.0666613333334
2021-03-22,-0.0070530404,-0.03853863165616955,2.1635613,4.032744250830817,265.7087521783137,344.44331966666675
2021-03-23,-0.0015956612,-0.03853863165616822,2.1619656,3.9942056191746484,265.64153588401746,342.8199780000001
2021-03-24,-0.0017135058,-0.179476683329165,2.160252,3.8147289358454834,265.569358458781,335.25998000000004
2021-03-25,-0.001305115,-0.07406964321995613,2.158947,3.7406592926255273,265.5143843074321,332.139985
2021-03-26,-0.010147003,0.04510644334367697,2.1488,3.7857657359692043,265.0869637956661,334.039979
2021-03-27,0.0076465416,-0.07501873326549902,2.1564465,3.7107470027037053,265.40905568131836,330.8800060000001
2021-03-28,0.0048044855,-0.013136335584266412,2.1612508,3.697610667119439,265.6114276440204,330.32667133333337
2021-03-29,0.003373419,-0.013136335584266412,2.1646242,3.6844743315351725,265.7535228700772,329.77333666666675
2021-03-30,-0.005463658,-0.013136335584266412,2.1591606,3.671337995950906,265.52338263399565,329.2200020000001
2021-03-31,-0.012185557,0.14908911243501333,2.146975,3.8204271083859194,265.01009639441946,335.5000010000001
2021-04-01,-0.0016646002,-0.11893918202702602,2.1453104,3.7014879263588933,264.9399777380954,330.48999100000003
2021-04-02,-0.0028269999,0.015194153421854928,2.1424835,3.7166820797807483,264.8209005527568,331.1300060000001
