date,goldman sachs
2010-01-01,20
2010-01-02,25
2010-01-03,25
2010-01-04,49
2010-01-05,39
2010-01-06,34
2010-01-07,53
2010-01-08,48
2010-01-09,31
2010-01-10,36
2010-01-11,63
2010-01-12,62
2010-01-13,60
2010-01-14,49
2010-01-15,37
2010-01-16,52
2010-01-17,20
2010-01-18,27
2010-01-19,43
2010-01-20,56
2010-01-21,91
2010-01-22,100
2010-01-23,46
2010-01-24,35
2010-01-25,63
2010-01-26,71
2010-01-27,77
2010-01-28,35
2010-01-29,56
2010-01-30,34
2010-01-31,11
2010-02-01,74
2010-02-02,60
2010-02-03,84
2010-02-04,65
2010-02-05,68
2010-02-06,75
2010-02-07,89
2010-02-08,54
2010-02-09,52
2010-02-10,100
2010-02-11,28
2010-02-12,66
2010-02-13,84
2010-02-14,50
2010-02-15,88
2010-02-16,93
2010-02-17,66
2010-02-18,75
2010-02-19,61
2010-02-20,24
2010-02-21,71
2010-02-22,61
2010-02-23,58
2010-02-24,91
2010-02-25,80
2010-02-26,55
2010-02-27,29
2010-02-28,30
2010-03-01,74
2010-03-02,73
2010-03-03,77
2010-03-04,44
2010-03-05,100
2010-03-06,65
2010-03-07,42
2010-03-08,56
2010-03-09,51
2010-03-10,66
2010-03-11,55
2010-03-12,86
2010-03-13,34
2010-03-14,17
2010-03-15,63
2010-03-16,76
2010-03-17,49
2010-03-18,54
2010-03-19,35
2010-03-20,37
2010-03-21,29
2010-03-22,66
2010-03-23,42
2010-03-24,51
2010-03-25,74
2010-03-26,63
2010-03-27,12
2010-03-28,29
2010-03-29,39
2010-03-30,70
2010-03-31,45
2010-04-01,13
2010-04-02,8
2010-04-03,6
2010-04-04,2
2010-04-05,8
2010-04-06,5
2010-04-07,12
2010-04-08,12
2010-04-09,11
2010-04-10,1
2010-04-11,2
2010-04-12,9
2010-04-13,8
2010-04-14,8
2010-04-15,9
2010-04-16,98
2010-04-17,55
2010-04-18,35
2010-04-19,67
2010-04-20,85
2010-04-21,100
2010-04-22,47
2010-04-23,29
2010-04-24,18
2010-04-25,18
2010-04-26,34
2010-04-27,95
2010-04-28,70
2010-04-29,24
2010-04-30,41
2010-05-01,70
2010-05-02,95
2010-05-03,100
2010-05-04,94
2010-05-05,58
2010-05-06,69
2010-05-07,93
2010-05-08,35
2010-05-09,24
2010-05-10,63
2010-05-11,62
2010-05-12,55
2010-05-13,49
2010-05-14,55
2010-05-15,32
2010-05-16,16
2010-05-17,43
2010-05-18,37
2010-05-19,58
2010-05-20,42
2010-05-21,22
2010-05-22,32
2010-05-23,28
2010-05-24,34
2010-05-25,33
2010-05-26,47
2010-05-27,21
2010-05-28,44
2010-05-29,21
2010-05-30,9
2010-05-31,19
2010-06-01,55
2010-06-02,100
2010-06-03,51
2010-06-04,94
2010-06-05,70
2010-06-06,19
2010-06-07,68
2010-06-08,83
2010-06-09,84
2010-06-10,79
2010-06-11,75
2010-06-12,39
2010-06-13,13
2010-06-14,60
2010-06-15,72
2010-06-16,48
2010-06-17,53
2010-06-18,52
2010-06-19,27
2010-06-20,14
2010-06-21,61
2010-06-22,54
2010-06-23,55
2010-06-24,44
2010-06-25,84
2010-06-26,32
2010-06-27,53
2010-06-28,47
2010-06-29,38
2010-06-30,77
2010-07-01,65
2010-07-02,38
2010-07-03,22
2010-07-04,23
2010-07-05,35
2010-07-06,36
2010-07-07,43
2010-07-08,51
2010-07-09,34
2010-07-10,45
2010-07-11,21
2010-07-12,79
2010-07-13,46
2010-07-14,50
2010-07-15,100
2010-07-16,93
2010-07-17,36
2010-07-18,31
2010-07-19,68
2010-07-20,85
2010-07-21,43
2010-07-22,44
2010-07-23,46
2010-07-24,25
2010-07-25,5
2010-07-26,40
2010-07-27,64
2010-07-28,58
2010-07-29,47
2010-07-30,62
2010-07-31,15
2010-08-01,84
2010-08-02,74
2010-08-03,67
2010-08-04,34
2010-08-05,79
2010-08-06,62
2010-08-07,48
2010-08-08,21
2010-08-09,63
2010-08-10,76
2010-08-11,68
2010-08-12,49
2010-08-13,93
2010-08-14,41
2010-08-15,48
2010-08-16,59
2010-08-17,67
2010-08-18,48
2010-08-19,50
2010-08-20,31
2010-08-21,27
2010-08-22,46
2010-08-23,48
2010-08-24,56
2010-08-25,100
2010-08-26,63
2010-08-27,30
2010-08-28,13
2010-08-29,20
2010-08-30,24
2010-08-31,69
2010-09-01,55
2010-09-02,40
2010-09-03,55
2010-09-04,22
2010-09-05,12
2010-09-06,36
2010-09-07,59
2010-09-08,43
2010-09-09,66
2010-09-10,37
2010-09-11,27
2010-09-12,47
2010-09-13,99
2010-09-14,69
2010-09-15,81
2010-09-16,43
2010-09-17,58
2010-09-18,33
2010-09-19,43
2010-09-20,78
2010-09-21,62
2010-09-22,100
2010-09-23,65
2010-09-24,90
2010-09-25,16
2010-09-26,26
2010-09-27,68
2010-09-28,75
2010-09-29,65
2010-09-30,65
2010-10-01,50
2010-10-02,19
2010-10-03,28
2010-10-04,27
2010-10-05,40
2010-10-06,62
2010-10-07,92
2010-10-08,69
2010-10-09,29
2010-10-10,69
2010-10-11,85
2010-10-12,32
2010-10-13,93
2010-10-14,40
2010-10-15,50
2010-10-16,24
2010-10-17,19
2010-10-18,44
2010-10-19,100
2010-10-20,79
2010-10-21,71
2010-10-22,46
2010-10-23,38
2010-10-24,32
2010-10-25,52
2010-10-26,60
2010-10-27,66
2010-10-28,49
2010-10-29,64
2010-10-30,24
2010-10-31,14
2010-11-01,56
2010-11-02,56
2010-11-03,67
2010-11-04,71
2010-11-05,71
2010-11-06,56
2010-11-07,40
2010-11-08,55
2010-11-09,49
2010-11-10,80
2010-11-11,84
2010-11-12,72
2010-11-13,46
2010-11-14,35
2010-11-15,75
2010-11-16,80
2010-11-17,71
2010-11-18,100
2010-11-19,76
2010-11-20,25
2010-11-21,25
2010-11-22,64
2010-11-23,61
2010-11-24,23
2010-11-25,46
2010-11-26,38
2010-11-27,35
2010-11-28,30
2010-11-29,55
2010-11-30,55
2010-12-01,69
2010-12-02,60
2010-12-03,33
2010-12-04,38
2010-12-05,24
2010-12-06,59
2010-12-07,49
2010-12-08,64
2010-12-09,70
2010-12-10,55
2010-12-11,63
2010-12-12,72
2010-12-13,70
2010-12-14,90
2010-12-15,100
2010-12-16,88
2010-12-17,73
2010-12-18,70
2010-12-19,36
2010-12-20,38
2010-12-21,49
2010-12-22,60
2010-12-23,52
2010-12-24,32
2010-12-25,13
2010-12-26,22
2010-12-27,46
2010-12-28,37
2010-12-29,57
2010-12-30,54
2010-12-31,33
2011-01-01,16
2011-01-02,13
2011-01-03,76
2011-01-04,65
2011-01-05,47
2011-01-06,70
2011-01-07,82
2011-01-08,18
2011-01-09,30
2011-01-10,49
2011-01-11,75
2011-01-12,62
2011-01-13,67
2011-01-14,57
2011-01-15,33
2011-01-16,21
2011-01-17,46
2011-01-18,67
2011-01-19,100
2011-01-20,76
2011-01-21,47
2011-01-22,35
2011-01-23,41
2011-01-24,60
2011-01-25,36
2011-01-26,54
2011-01-27,64
2011-01-28,36
2011-01-29,37
2011-01-30,26
2011-01-31,58
2011-02-01,95
2011-02-02,77
2011-02-03,95
2011-02-04,46
2011-02-05,30
2011-02-06,62
2011-02-07,66
2011-02-08,81
2011-02-09,76
2011-02-10,56
2011-02-11,62
2011-02-12,50
2011-02-13,37
2011-02-14,67
2011-02-15,71
2011-02-16,100
2011-02-17,82
2011-02-18,51
2011-02-19,36
2011-02-20,18
2011-02-21,59
2011-02-22,80
2011-02-23,87
2011-02-24,75
2011-02-25,75
2011-02-26,45
2011-02-27,36
2011-02-28,87
2011-03-01,88
2011-03-02,64
2011-03-03,100
2011-03-04,95
2011-03-05,37
2011-03-06,37
2011-03-07,68
2011-03-08,99
2011-03-09,71
2011-03-10,75
2011-03-11,75
2011-03-12,45
2011-03-13,20
2011-03-14,44
2011-03-15,68
2011-03-16,82
2011-03-17,66
2011-03-18,59
2011-03-19,19
2011-03-20,28
2011-03-21,68
2011-03-22,47
2011-03-23,68
2011-03-24,71
2011-03-25,75
2011-03-26,55
2011-03-27,18
2011-03-28,81
2011-03-29,73
2011-03-30,60
2011-03-31,67
2011-04-01,72
2011-04-02,52
2011-04-03,28
2011-04-04,39
2011-04-05,63
2011-04-06,46
2011-04-07,67
2011-04-08,66
2011-04-09,32
2011-04-10,20
2011-04-11,36
2011-04-12,59
2011-04-13,94
2011-04-14,99
2011-04-15,63
2011-04-16,44
2011-04-17,45
2011-04-18,63
2011-04-19,100
2011-04-20,49
2011-04-21,49
2011-04-22,57
2011-04-23,28
2011-04-24,47
2011-04-25,70
2011-04-26,56
2011-04-27,59
2011-04-28,44
2011-04-29,50
2011-04-30,36
2011-05-01,36
2011-05-02,72
2011-05-03,36
2011-05-04,73
2011-05-05,83
2011-05-06,69
2011-05-07,27
2011-05-08,28
2011-05-09,61
2011-05-10,93
2011-05-11,57
2011-05-12,72
2011-05-13,89
2011-05-14,49
2011-05-15,22
2011-05-16,77
2011-05-17,100
2011-05-18,70
2011-05-19,52
2011-05-20,56
2011-05-21,32
2011-05-22,46
2011-05-23,51
2011-05-24,87
2011-05-25,90
2011-05-26,70
2011-05-27,75
2011-05-28,38
2011-05-29,50
2011-05-30,27
2011-05-31,73
2011-06-01,96
2011-06-02,100
2011-06-03,83
2011-06-04,48
2011-06-05,19
2011-06-06,47
2011-06-07,67
2011-06-08,61
2011-06-09,56
2011-06-10,58
2011-06-11,40
2011-06-12,26
2011-06-13,34
2011-06-14,36
2011-06-15,47
2011-06-16,61
2011-06-17,52
2011-06-18,37
2011-06-19,15
2011-06-20,32
2011-06-21,62
2011-06-22,41
2011-06-23,44
2011-06-24,46
2011-06-25,26
2011-06-26,41
2011-06-27,58
2011-06-28,74
2011-06-29,61
2011-06-30,60
2011-07-01,68
2011-07-02,35
2011-07-03,18
2011-07-04,38
2011-07-05,33
2011-07-06,62
2011-07-07,37
2011-07-08,80
2011-07-09,33
2011-07-10,29
2011-07-11,34
2011-07-12,55
2011-07-13,74
2011-07-14,53
2011-07-15,66
2011-07-16,33
2011-07-17,34
2011-07-18,68
2011-07-19,100
2011-07-20,92
2011-07-21,66
2011-07-22,67
2011-07-23,23
2011-07-24,48
2011-07-25,36
2011-07-26,45
2011-07-27,76
2011-07-28,62
2011-07-29,57
2011-07-30,32
2011-07-31,53
2011-08-01,48
2011-08-02,100
2011-08-03,55
2011-08-04,42
2011-08-05,47
2011-08-06,31
2011-08-07,36
2011-08-08,61
2011-08-09,60
2011-08-10,73
2011-08-11,67
2011-08-12,55
2011-08-13,27
2011-08-14,31
2011-08-15,38
2011-08-16,85
2011-08-17,70
2011-08-18,63
2011-08-19,76
2011-08-20,48
2011-08-21,44
2011-08-22,79
2011-08-23,53
2011-08-24,61
2011-08-25,74
2011-08-26,38
2011-08-27,25
2011-08-28,34
2011-08-29,61
2011-08-30,70
2011-08-31,37
2011-09-01,45
2011-09-02,28
2011-09-03,14
2011-09-04,12
2011-09-05,37
2011-09-06,63
2011-09-07,34
2011-09-08,39
2011-09-09,32
2011-09-10,22
2011-09-11,25
2011-09-12,41
2011-09-13,34
2011-09-14,54
2011-09-15,39
2011-09-16,48
2011-09-17,31
2011-09-18,27
2011-09-19,45
2011-09-20,47
2011-09-21,32
2011-09-22,52
2011-09-23,27
2011-09-24,22
2011-09-25,27
2011-09-26,53
2011-09-27,74
2011-09-28,100
2011-09-29,77
2011-09-30,66
2011-10-01,48
2011-10-02,48
2011-10-03,54
2011-10-04,79
2011-10-05,80
2011-10-06,51
2011-10-07,73
2011-10-08,35
2011-10-09,27
2011-10-10,54
2011-10-11,65
2011-10-12,52
2011-10-13,56
2011-10-14,81
2011-10-15,21
2011-10-16,40
2011-10-17,79
2011-10-18,100
2011-10-19,81
2011-10-20,45
2011-10-21,59
2011-10-22,46
2011-10-23,37
2011-10-24,44
2011-10-25,70
2011-10-26,84
2011-10-27,71
2011-10-28,31
2011-10-29,40
2011-10-30,27
2011-10-31,52
2011-11-01,76
2011-11-02,75
2011-11-03,90
2011-11-04,63
2011-11-05,61
2011-11-06,30
2011-11-07,72
2011-11-08,59
2011-11-09,68
2011-11-10,87
2011-11-11,82
2011-11-12,34
2011-11-13,60
2011-11-14,63
2011-11-15,50
2011-11-16,61
2011-11-17,78
2011-11-18,46
2011-11-19,38
2011-11-20,56
2011-11-21,62
2011-11-22,54
2011-11-23,51
2011-11-24,20
2011-11-25,74
2011-11-26,27
2011-11-27,40
2011-11-28,51
2011-11-29,72
2011-11-30,100
2011-12-01,42
2011-12-02,48
2011-12-03,49
2011-12-04,32
2011-12-05,65
2011-12-06,91
2011-12-07,83
2011-12-08,100
2011-12-09,86
2011-12-10,20
2011-12-11,36
2011-12-12,83
2011-12-13,87
2011-12-14,87
2011-12-15,63
2011-12-16,51
2011-12-17,41
2011-12-18,46
2011-12-19,40
2011-12-20,70
2011-12-21,76
2011-12-22,32
2011-12-23,42
2011-12-24,32
2011-12-25,15
2011-12-26,46
2011-12-27,49
2011-12-28,31
2011-12-29,53
2011-12-30,44
2011-12-31,32
2012-01-01,21
2012-01-02,28
2012-01-03,43
2012-01-04,40
2012-01-05,65
2012-01-06,69
2012-01-07,40
2012-01-08,18
2012-01-09,76
2012-01-10,60
2012-01-11,86
2012-01-12,77
2012-01-13,93
2012-01-14,30
2012-01-15,30
2012-01-16,55
2012-01-17,63
2012-01-18,100
2012-01-19,70
2012-01-20,51
2012-01-21,35
2012-01-22,32
2012-01-23,77
2012-01-24,40
2012-01-25,95
2012-01-26,54
2012-01-27,72
2012-01-28,38
2012-01-29,62
2012-01-30,55
2012-01-31,64
2012-02-01,73
2012-02-02,74
2012-02-03,62
2012-02-04,29
2012-02-05,48
2012-02-06,34
2012-02-07,60
2012-02-08,92
2012-02-09,65
2012-02-10,47
2012-02-11,35
2012-02-12,54
2012-02-13,53
2012-02-14,89
2012-02-15,62
2012-02-16,100
2012-02-17,55
2012-02-18,36
2012-02-19,46
2012-02-20,35
2012-02-21,68
2012-02-22,75
2012-02-23,79
2012-02-24,75
2012-02-25,33
2012-02-26,30
2012-02-27,62
2012-02-28,72
2012-02-29,59
2012-03-01,7
2012-03-02,8
2012-03-03,3
2012-03-04,9
2012-03-05,10
2012-03-06,8
2012-03-07,9
2012-03-08,8
2012-03-09,6
2012-03-10,3
2012-03-11,6
2012-03-12,9
2012-03-13,7
2012-03-14,100
2012-03-15,93
2012-03-16,37
2012-03-17,23
2012-03-18,18
2012-03-19,18
2012-03-20,17
2012-03-21,13
2012-03-22,15
2012-03-23,10
2012-03-24,7
2012-03-25,7
2012-03-26,11
2012-03-27,12
2012-03-28,13
2012-03-29,11
2012-03-30,9
2012-03-31,3
2012-04-01,44
2012-04-02,58
2012-04-03,73
2012-04-04,75
2012-04-05,56
2012-04-06,30
2012-04-07,36
2012-04-08,37
2012-04-09,39
2012-04-10,67
2012-04-11,57
2012-04-12,24
2012-04-13,73
2012-04-14,17
2012-04-15,34
2012-04-16,64
2012-04-17,100
2012-04-18,42
2012-04-19,74
2012-04-20,51
2012-04-21,27
2012-04-22,23
2012-04-23,70
2012-04-24,72
2012-04-25,40
2012-04-26,45
2012-04-27,36
2012-04-28,40
2012-04-29,41
2012-04-30,59
2012-05-01,71
2012-05-02,75
2012-05-03,44
2012-05-04,42
2012-05-05,47
2012-05-06,37
2012-05-07,80
2012-05-08,91
2012-05-09,57
2012-05-10,66
2012-05-11,81
2012-05-12,78
2012-05-13,15
2012-05-14,87
2012-05-15,100
2012-05-16,62
2012-05-17,52
2012-05-18,98
2012-05-19,43
2012-05-20,53
2012-05-21,75
2012-05-22,61
2012-05-23,91
2012-05-24,90
2012-05-25,68
2012-05-26,44
2012-05-27,31
2012-05-28,46
2012-05-29,77
2012-05-30,61
2012-05-31,77
2012-06-01,46
2012-06-02,39
2012-06-03,39
2012-06-04,67
2012-06-05,88
2012-06-06,65
2012-06-07,77
2012-06-08,65
2012-06-09,49
2012-06-10,22
2012-06-11,68
2012-06-12,91
2012-06-13,100
2012-06-14,88
2012-06-15,58
2012-06-16,50
2012-06-17,46
2012-06-18,83
2012-06-19,69
2012-06-20,80
2012-06-21,81
2012-06-22,72
2012-06-23,71
2012-06-24,23
2012-06-25,59
2012-06-26,72
2012-06-27,59
2012-06-28,70
2012-06-29,96
2012-06-30,35
2012-07-01,24
2012-07-02,48
2012-07-03,64
2012-07-04,51
2012-07-05,41
2012-07-06,66
2012-07-07,51
2012-07-08,16
2012-07-09,62
2012-07-10,55
2012-07-11,54
2012-07-12,41
2012-07-13,75
2012-07-14,36
2012-07-15,47
2012-07-16,100
2012-07-17,92
2012-07-18,100
2012-07-19,47
2012-07-20,52
2012-07-21,12
2012-07-22,56
2012-07-23,66
2012-07-24,61
2012-07-25,68
2012-07-26,72
2012-07-27,38
2012-07-28,15
2012-07-29,32
2012-07-30,46
2012-07-31,91
2012-08-01,55
2012-08-02,47
2012-08-03,68
2012-08-04,33
2012-08-05,33
2012-08-06,52
2012-08-07,61
2012-08-08,49
2012-08-09,65
2012-08-10,100
2012-08-11,33
2012-08-12,44
2012-08-13,40
2012-08-14,63
2012-08-15,38
2012-08-16,56
2012-08-17,43
2012-08-18,37
2012-08-19,26
2012-08-20,59
2012-08-21,72
2012-08-22,64
2012-08-23,42
2012-08-24,61
2012-08-25,32
2012-08-26,25
2012-08-27,42
2012-08-28,54
2012-08-29,52
2012-08-30,55
2012-08-31,48
2012-09-01,34
2012-09-02,31
2012-09-03,51
2012-09-04,66
2012-09-05,77
2012-09-06,54
2012-09-07,56
2012-09-08,29
2012-09-09,50
2012-09-10,77
2012-09-11,94
2012-09-12,90
2012-09-13,74
2012-09-14,100
2012-09-15,46
2012-09-16,33
2012-09-17,53
2012-09-18,68
2012-09-19,67
2012-09-20,75
2012-09-21,66
2012-09-22,25
2012-09-23,53
2012-09-24,67
2012-09-25,66
2012-09-26,66
2012-09-27,67
2012-09-28,59
2012-09-29,74
2012-09-30,33
2012-10-01,37
2012-10-02,36
2012-10-03,42
2012-10-04,33
2012-10-05,29
2012-10-06,16
2012-10-07,14
2012-10-08,21
2012-10-09,35
2012-10-10,28
2012-10-11,35
2012-10-12,24
2012-10-13,28
2012-10-14,17
2012-10-15,27
2012-10-16,44
2012-10-17,33
2012-10-18,30
2012-10-19,32
2012-10-20,16
2012-10-21,22
2012-10-22,100
2012-10-23,51
2012-10-24,47
2012-10-25,39
2012-10-26,34
2012-10-27,17
2012-10-28,11
2012-10-29,26
2012-10-30,42
2012-10-31,40
2012-11-01,72
2012-11-02,73
2012-11-03,31
2012-11-04,31
2012-11-05,66
2012-11-06,53
2012-11-07,88
2012-11-08,52
2012-11-09,61
2012-11-10,63
2012-11-11,46
2012-11-12,61
2012-11-13,62
2012-11-14,87
2012-11-15,100
2012-11-16,62
2012-11-17,58
2012-11-18,43
2012-11-19,52
2012-11-20,62
2012-11-21,72
2012-11-22,29
2012-11-23,44
2012-11-24,40
2012-11-25,39
2012-11-26,37
2012-11-27,80
2012-11-28,66
2012-11-29,56
2012-11-30,72
2012-12-01,34
2012-12-02,42
2012-12-03,75
2012-12-04,73
2012-12-05,77
2012-12-06,72
2012-12-07,46
2012-12-08,50
2012-12-09,45
2012-12-10,80
2012-12-11,68
2012-12-12,88
2012-12-13,85
2012-12-14,100
2012-12-15,31
2012-12-16,31
2012-12-17,38
2012-12-18,92
2012-12-19,81
2012-12-20,63
2012-12-21,41
2012-12-22,45
2012-12-23,38
2012-12-24,28
2012-12-25,27
2012-12-26,58
2012-12-27,41
2012-12-28,35
2012-12-29,35
2012-12-30,31
2012-12-31,24
2013-01-01,18
2013-01-02,65
2013-01-03,37
2013-01-04,61
2013-01-05,38
2013-01-06,22
2013-01-07,65
2013-01-08,55
2013-01-09,63
2013-01-10,61
2013-01-11,59
2013-01-12,24
2013-01-13,34
2013-01-14,38
2013-01-15,42
2013-01-16,100
2013-01-17,71
2013-01-18,65
2013-01-19,46
2013-01-20,36
2013-01-21,33
2013-01-22,54
2013-01-23,55
2013-01-24,44
2013-01-25,65
2013-01-26,13
2013-01-27,45
2013-01-28,56
2013-01-29,39
2013-01-30,78
2013-01-31,85
2013-02-01,67
2013-02-02,33
2013-02-03,50
2013-02-04,54
2013-02-05,89
2013-02-06,80
2013-02-07,84
2013-02-08,69
2013-02-09,50
2013-02-10,37
2013-02-11,72
2013-02-12,100
2013-02-13,56
2013-02-14,59
2013-02-15,63
2013-02-16,44
2013-02-17,26
2013-02-18,49
2013-02-19,76
2013-02-20,64
2013-02-21,80
2013-02-22,51
2013-02-23,43
2013-02-24,39
2013-02-25,72
2013-02-26,67
2013-02-27,59
2013-02-28,65
2013-03-01,60
2013-03-02,35
2013-03-03,67
2013-03-04,69
2013-03-05,51
2013-03-06,57
2013-03-07,81
2013-03-08,79
2013-03-09,40
2013-03-10,28
2013-03-11,81
2013-03-12,70
2013-03-13,100
2013-03-14,66
2013-03-15,62
2013-03-16,39
2013-03-17,28
2013-03-18,57
2013-03-19,100
2013-03-20,48
2013-03-21,58
2013-03-22,81
2013-03-23,60
2013-03-24,47
2013-03-25,61
2013-03-26,76
2013-03-27,96
2013-03-28,44
2013-03-29,50
2013-03-30,38
2013-03-31,38
2013-04-01,42
2013-04-02,62
2013-04-03,68
2013-04-04,58
2013-04-05,56
2013-04-06,38
2013-04-07,30
2013-04-08,53
2013-04-09,73
2013-04-10,73
2013-04-11,66
2013-04-12,71
2013-04-13,41
2013-04-14,33
2013-04-15,71
2013-04-16,99
2013-04-17,59
2013-04-18,91
2013-04-19,42
2013-04-20,30
2013-04-21,52
2013-04-22,66
2013-04-23,56
2013-04-24,68
2013-04-25,67
2013-04-26,66
2013-04-27,42
2013-04-28,37
2013-04-29,70
2013-04-30,100
2013-05-01,100
2013-05-02,89
2013-05-03,63
2013-05-04,40
2013-05-05,27
2013-05-06,67
2013-05-07,67
2013-05-08,74
2013-05-09,82
2013-05-10,56
2013-05-11,67
2013-05-12,55
2013-05-13,90
2013-05-14,82
2013-05-15,68
2013-05-16,72
2013-05-17,86
2013-05-18,23
2013-05-19,27
2013-05-20,57
2013-05-21,84
2013-05-22,75
2013-05-23,47
2013-05-24,57
2013-05-25,33
2013-05-26,29
2013-05-27,22
2013-05-28,57
2013-05-29,42
2013-05-30,46
2013-05-31,79
2013-06-01,63
2013-06-02,33
2013-06-03,40
2013-06-04,61
2013-06-05,53
2013-06-06,83
2013-06-07,55
2013-06-08,54
2013-06-09,64
2013-06-10,56
2013-06-11,95
2013-06-12,100
2013-06-13,87
2013-06-14,67
2013-06-15,43
2013-06-16,43
2013-06-17,47
2013-06-18,79
2013-06-19,70
2013-06-20,48
2013-06-21,49
2013-06-22,34
2013-06-23,25
2013-06-24,48
2013-06-25,46
2013-06-26,70
2013-06-27,48
2013-06-28,77
2013-06-29,46
2013-06-30,25
2013-07-01,44
2013-07-02,65
2013-07-03,41
2013-07-04,20
2013-07-05,41
2013-07-06,40
2013-07-07,13
2013-07-08,51
2013-07-09,64
2013-07-10,39
2013-07-11,61
2013-07-12,56
2013-07-13,44
2013-07-14,38
2013-07-15,89
2013-07-16,87
2013-07-17,88
2013-07-18,82
2013-07-19,46
2013-07-20,32
2013-07-21,36
2013-07-22,43
2013-07-23,59
2013-07-24,72
2013-07-25,71
2013-07-26,100
2013-07-27,58
2013-07-28,52
2013-07-29,54
2013-07-30,64
2013-07-31,72
2013-08-01,51
2013-08-02,45
2013-08-03,28
2013-08-04,23
2013-08-05,43
2013-08-06,48
2013-08-07,73
2013-08-08,51
2013-08-09,62
2013-08-10,38
2013-08-11,26
2013-08-12,41
2013-08-13,44
2013-08-14,41
2013-08-15,43
2013-08-16,34
2013-08-17,23
2013-08-18,28
2013-08-19,41
2013-08-20,55
2013-08-21,49
2013-08-22,74
2013-08-23,100
2013-08-24,45
2013-08-25,32
2013-08-26,59
2013-08-27,48
2013-08-28,61
2013-08-29,59
2013-08-30,44
2013-08-31,19
2013-09-01,37
2013-09-02,31
2013-09-03,45
2013-09-04,36
2013-09-05,39
2013-09-06,47
2013-09-07,42
2013-09-08,37
2013-09-09,57
2013-09-10,73
2013-09-11,78
2013-09-12,100
2013-09-13,76
2013-09-14,27
2013-09-15,26
2013-09-16,78
2013-09-17,73
2013-09-18,84
2013-09-19,75
2013-09-20,70
2013-09-21,15
2013-09-22,44
2013-09-23,65
2013-09-24,82
2013-09-25,59
2013-09-26,69
2013-09-27,96
2013-09-28,52
2013-09-29,48
2013-09-30,41
2013-10-01,68
2013-10-02,66
2013-10-03,62
2013-10-04,62
2013-10-05,37
2013-10-06,49
2013-10-07,49
2013-10-08,42
2013-10-09,88
2013-10-10,92
2013-10-11,75
2013-10-12,53
2013-10-13,28
2013-10-14,79
2013-10-15,100
2013-10-16,54
2013-10-17,98
2013-10-18,62
2013-10-19,50
2013-10-20,28
2013-10-21,63
2013-10-22,65
2013-10-23,79
2013-10-24,90
2013-10-25,54
2013-10-26,47
2013-10-27,46
2013-10-28,63
2013-10-29,73
2013-10-30,65
2013-10-31,78
2013-11-01,60
2013-11-02,28
2013-11-03,52
2013-11-04,72
2013-11-05,56
2013-11-06,67
2013-11-07,62
2013-11-08,67
2013-11-09,44
2013-11-10,49
2013-11-11,48
2013-11-12,78
2013-11-13,100
2013-11-14,97
2013-11-15,84
2013-11-16,45
2013-11-17,41
2013-11-18,87
2013-11-19,71
2013-11-20,75
2013-11-21,69
2013-11-22,43
2013-11-23,42
2013-11-24,36
2013-11-25,69
2013-11-26,70
2013-11-27,39
2013-11-28,32
2013-11-29,27
2013-11-30,36
2013-12-01,44
2013-12-02,81
2013-12-03,83
2013-12-04,85
2013-12-05,67
2013-12-06,89
2013-12-07,47
2013-12-08,46
2013-12-09,85
2013-12-10,81
2013-12-11,68
2013-12-12,79
2013-12-13,41
2013-12-14,36
2013-12-15,52
2013-12-16,82
2013-12-17,100
2013-12-18,82
2013-12-19,96
2013-12-20,65
2013-12-21,21
2013-12-22,60
2013-12-23,71
2013-12-24,53
2013-12-25,39
2013-12-26,35
2013-12-27,60
2013-12-28,62
2013-12-29,37
2013-12-30,66
2013-12-31,54
2014-01-01,34
2014-01-02,61
2014-01-03,71
2014-01-04,28
2014-01-05,33
2014-01-06,58
2014-01-07,80
2014-01-08,78
2014-01-09,58
2014-01-10,53
2014-01-11,23
2014-01-12,34
2014-01-13,73
2014-01-14,100
2014-01-15,62
2014-01-16,93
2014-01-17,63
2014-01-18,64
2014-01-19,29
2014-01-20,77
2014-01-21,69
2014-01-22,57
2014-01-23,73
2014-01-24,64
2014-01-25,39
2014-01-26,44
2014-01-27,32
2014-01-28,58
2014-01-29,76
2014-01-30,51
2014-01-31,57
2014-02-01,29
2014-02-02,45
2014-02-03,100
2014-02-04,83
2014-02-05,92
2014-02-06,87
2014-02-07,75
2014-02-08,50
2014-02-09,42
2014-02-10,57
2014-02-11,100
2014-02-12,76
2014-02-13,61
2014-02-14,97
2014-02-15,40
2014-02-16,44
2014-02-17,60
2014-02-18,70
2014-02-19,68
2014-02-20,62
2014-02-21,78
2014-02-22,41
2014-02-23,40
2014-02-24,77
2014-02-25,98
2014-02-26,75
2014-02-27,76
2014-02-28,72
2014-03-01,54
2014-03-02,27
2014-03-03,87
2014-03-04,74
2014-03-05,57
2014-03-06,64
2014-03-07,87
2014-03-08,48
2014-03-09,34
2014-03-10,51
2014-03-11,73
2014-03-12,86
2014-03-13,88
2014-03-14,65
2014-03-15,21
2014-03-16,44
2014-03-17,58
2014-03-18,53
2014-03-19,55
2014-03-20,70
2014-03-21,56
2014-03-22,28
2014-03-23,38
2014-03-24,72
2014-03-25,63
2014-03-26,100
2014-03-27,70
2014-03-28,63
2014-03-29,24
2014-03-30,37
2014-03-31,62
2014-04-01,84
2014-04-02,60
2014-04-03,74
2014-04-04,47
2014-04-05,50
2014-04-06,49
2014-04-07,50
2014-04-08,72
2014-04-09,61
2014-04-10,72
2014-04-11,55
2014-04-12,44
2014-04-13,46
2014-04-14,45
2014-04-15,67
2014-04-16,83
2014-04-17,95
2014-04-18,58
2014-04-19,24
2014-04-20,33
2014-04-21,89
2014-04-22,100
2014-04-23,86
2014-04-24,74
2014-04-25,52
2014-04-26,39
2014-04-27,35
2014-04-28,72
2014-04-29,68
2014-04-30,63
2014-05-01,56
2014-05-02,64
2014-05-03,50
2014-05-04,36
2014-05-05,51
2014-05-06,67
2014-05-07,68
2014-05-08,48
2014-05-09,79
2014-05-10,29
2014-05-11,45
2014-05-12,88
2014-05-13,59
2014-05-14,45
2014-05-15,71
2014-05-16,73
2014-05-17,18
2014-05-18,15
2014-05-19,42
2014-05-20,73
2014-05-21,79
2014-05-22,62
2014-05-23,59
2014-05-24,26
2014-05-25,31
2014-05-26,24
2014-05-27,61
2014-05-28,100
2014-05-29,90
2014-05-30,77
2014-05-31,62
2014-06-01,36
2014-06-02,86
2014-06-03,70
2014-06-04,52
2014-06-05,81
2014-06-06,32
2014-06-07,44
2014-06-08,37
2014-06-09,65
2014-06-10,63
2014-06-11,100
2014-06-12,70
2014-06-13,46
2014-06-14,28
2014-06-15,30
2014-06-16,35
2014-06-17,53
2014-06-18,69
2014-06-19,76
2014-06-20,63
2014-06-21,37
2014-06-22,41
2014-06-23,79
2014-06-24,59
2014-06-25,60
2014-06-26,47
2014-06-27,73
2014-06-28,32
2014-06-29,20
2014-06-30,90
2014-07-01,79
2014-07-02,84
2014-07-03,40
2014-07-04,26
2014-07-05,39
2014-07-06,22
2014-07-07,58
2014-07-08,47
2014-07-09,81
2014-07-10,69
2014-07-11,89
2014-07-12,38
2014-07-13,42
2014-07-14,60
2014-07-15,100
2014-07-16,76
2014-07-17,87
2014-07-18,71
2014-07-19,21
2014-07-20,35
2014-07-21,48
2014-07-22,61
2014-07-23,69
2014-07-24,61
2014-07-25,49
2014-07-26,38
2014-07-27,34
2014-07-28,78
2014-07-29,30
2014-07-30,97
2014-07-31,62
2014-08-01,66
2014-08-02,47
2014-08-03,48
2014-08-04,66
2014-08-05,100
2014-08-06,48
2014-08-07,69
2014-08-08,67
2014-08-09,53
2014-08-10,27
2014-08-11,75
2014-08-12,76
2014-08-13,83
2014-08-14,81
2014-08-15,51
2014-08-16,30
2014-08-17,26
2014-08-18,38
2014-08-19,76
2014-08-20,72
2014-08-21,45
2014-08-22,63
2014-08-23,38
2014-08-24,25
2014-08-25,61
2014-08-26,57
2014-08-27,58
2014-08-28,55
2014-08-29,86
2014-08-30,38
2014-08-31,39
2014-09-01,36
2014-09-02,44
2014-09-03,41
2014-09-04,63
2014-09-05,60
2014-09-06,34
2014-09-07,14
2014-09-08,63
2014-09-09,53
2014-09-10,48
2014-09-11,70
2014-09-12,42
2014-09-13,31
2014-09-14,28
2014-09-15,68
2014-09-16,70
2014-09-17,57
2014-09-18,76
2014-09-19,78
2014-09-20,35
2014-09-21,55
2014-09-22,73
2014-09-23,72
2014-09-24,58
2014-09-25,50
2014-09-26,89
2014-09-27,83
2014-09-28,59
2014-09-29,100
2014-09-30,88
2014-10-01,100
2014-10-02,69
2014-10-03,79
2014-10-04,46
2014-10-05,39
2014-10-06,66
2014-10-07,65
2014-10-08,70
2014-10-09,74
2014-10-10,64
2014-10-11,26
2014-10-12,42
2014-10-13,36
2014-10-14,66
2014-10-15,90
2014-10-16,81
2014-10-17,69
2014-10-18,33
2014-10-19,58
2014-10-20,70
2014-10-21,84
2014-10-22,57
2014-10-23,40
2014-10-24,29
2014-10-25,23
2014-10-26,19
2014-10-27,52
2014-10-28,62
2014-10-29,66
2014-10-30,60
2014-10-31,46
2014-11-01,22
2014-11-02,19
2014-11-03,45
2014-11-04,46
2014-11-05,39
2014-11-06,40
2014-11-07,29
2014-11-08,26
2014-11-09,26
2014-11-10,37
2014-11-11,48
2014-11-12,100
2014-11-13,73
2014-11-14,43
2014-11-15,44
2014-11-16,36
2014-11-17,40
2014-11-18,62
2014-11-19,50
2014-11-20,56
2014-11-21,69
2014-11-22,18
2014-11-23,28
2014-11-24,55
2014-11-25,43
2014-11-26,32
2014-11-27,12
2014-11-28,31
2014-11-29,12
2014-11-30,20
2014-12-01,54
2014-12-02,65
2014-12-03,61
2014-12-04,93
2014-12-05,60
2014-12-06,27
2014-12-07,54
2014-12-08,52
2014-12-09,100
2014-12-10,72
2014-12-11,76
2014-12-12,60
2014-12-13,17
2014-12-14,33
2014-12-15,81
2014-12-16,90
2014-12-17,85
2014-12-18,54
2014-12-19,79
2014-12-20,21
2014-12-21,43
2014-12-22,36
2014-12-23,55
2014-12-24,58
2014-12-25,34
2014-12-26,45
2014-12-27,38
2014-12-28,17
2014-12-29,68
2014-12-30,46
2014-12-31,73
2015-01-01,34
2015-01-02,24
2015-01-03,22
2015-01-04,39
2015-01-05,73
2015-01-06,39
2015-01-07,86
2015-01-08,100
2015-01-09,81
2015-01-10,71
2015-01-11,9
2015-01-12,77
2015-01-13,77
2015-01-14,58
2015-01-15,99
2015-01-16,100
2015-01-17,49
2015-01-18,58
2015-01-19,57
2015-01-20,92
2015-01-21,52
2015-01-22,63
2015-01-23,58
2015-01-24,61
2015-01-25,70
2015-01-26,56
2015-01-27,76
2015-01-28,84
2015-01-29,86
2015-01-30,90
2015-01-31,25
2015-02-01,22
2015-02-02,75
2015-02-03,46
2015-02-04,39
2015-02-05,46
2015-02-06,58
2015-02-07,47
2015-02-08,23
2015-02-09,36
2015-02-10,92
2015-02-11,55
2015-02-12,60
2015-02-13,38
2015-02-14,21
2015-02-15,26
2015-02-16,29
2015-02-17,42
2015-02-18,58
2015-02-19,48
2015-02-20,48
2015-02-21,28
2015-02-22,23
2015-02-23,52
2015-02-24,31
2015-02-25,100
2015-02-26,83
2015-02-27,46
2015-02-28,25
2015-03-01,24
2015-03-02,61
2015-03-03,55
2015-03-04,60
2015-03-05,77
2015-03-06,55
2015-03-07,43
2015-03-08,32
2015-03-09,60
2015-03-10,70
2015-03-11,79
2015-03-12,68
2015-03-13,86
2015-03-14,22
2015-03-15,29
2015-03-16,55
2015-03-17,59
2015-03-18,68
2015-03-19,60
2015-03-20,55
2015-03-21,32
2015-03-22,32
2015-03-23,59
2015-03-24,82
2015-03-25,100
2015-03-26,65
2015-03-27,38
2015-03-28,16
2015-03-29,51
2015-03-30,61
2015-03-31,52
2015-04-01,51
2015-04-02,77
2015-04-03,46
2015-04-04,35
2015-04-05,36
2015-04-06,65
2015-04-07,77
2015-04-08,75
2015-04-09,84
2015-04-10,50
2015-04-11,23
2015-04-12,20
2015-04-13,71
2015-04-14,49
2015-04-15,75
2015-04-16,100
2015-04-17,72
2015-04-18,32
2015-04-19,62
2015-04-20,62
2015-04-21,62
2015-04-22,83
2015-04-23,73
2015-04-24,66
2015-04-25,27
2015-04-26,20
2015-04-27,56
2015-04-28,59
2015-04-29,74
2015-04-30,80
2015-05-01,86
2015-05-02,41
2015-05-03,59
2015-05-04,69
2015-05-05,59
2015-05-06,88
2015-05-07,82
2015-05-08,70
2015-05-09,33
2015-05-10,23
2015-05-11,97
2015-05-12,74
2015-05-13,59
2015-05-14,43
2015-05-15,63
2015-05-16,33
2015-05-17,19
2015-05-18,50
2015-05-19,85
2015-05-20,100
2015-05-21,56
2015-05-22,62
2015-05-23,49
2015-05-24,10
2015-05-25,60
2015-05-26,85
2015-05-27,86
2015-05-28,69
2015-05-29,88
2015-05-30,52
2015-05-31,33
2015-06-01,58
2015-06-02,88
2015-06-03,88
2015-06-04,94
2015-06-05,56
2015-06-06,32
2015-06-07,67
2015-06-08,42
2015-06-09,51
2015-06-10,74
2015-06-11,75
2015-06-12,66
2015-06-13,30
2015-06-14,44
2015-06-15,68
2015-06-16,90
2015-06-17,73
2015-06-18,100
2015-06-19,51
2015-06-20,32
2015-06-21,52
2015-06-22,57
2015-06-23,48
2015-06-24,39
2015-06-25,49
2015-06-26,50
2015-06-27,32
2015-06-28,26
2015-06-29,83
2015-06-30,64
2015-07-01,89
2015-07-02,61
2015-07-03,30
2015-07-04,4
2015-07-05,79
2015-07-06,56
2015-07-07,74
2015-07-08,90
2015-07-09,80
2015-07-10,54
2015-07-11,39
2015-07-12,36
2015-07-13,73
2015-07-14,93
2015-07-15,94
2015-07-16,100
2015-07-17,94
2015-07-18,36
2015-07-19,63
2015-07-20,70
2015-07-21,46
2015-07-22,69
2015-07-23,78
2015-07-24,93
2015-07-25,20
2015-07-26,58
2015-07-27,36
2015-07-28,91
2015-07-29,56
2015-07-30,52
2015-07-31,54
2015-08-01,41
2015-08-02,7
2015-08-03,50
2015-08-04,69
2015-08-05,59
2015-08-06,79
2015-08-07,33
2015-08-08,7
2015-08-09,15
2015-08-10,68
2015-08-11,69
2015-08-12,76
2015-08-13,82
2015-08-14,79
2015-08-15,37
2015-08-16,34
2015-08-17,73
2015-08-18,80
2015-08-19,100
2015-08-20,90
2015-08-21,71
2015-08-22,37
2015-08-23,40
2015-08-24,62
2015-08-25,67
2015-08-26,73
2015-08-27,62
2015-08-28,73
2015-08-29,39
2015-08-30,21
2015-08-31,48
2015-09-01,59
2015-09-02,52
2015-09-03,56
2015-09-04,42
2015-09-05,32
2015-09-06,21
2015-09-07,36
2015-09-08,49
2015-09-09,100
2015-09-10,46
2015-09-11,52
2015-09-12,34
2015-09-13,30
2015-09-14,57
2015-09-15,63
2015-09-16,78
2015-09-17,48
2015-09-18,57
2015-09-19,9
2015-09-20,25
2015-09-21,77
2015-09-22,67
2015-09-23,59
2015-09-24,59
2015-09-25,47
2015-09-26,20
2015-09-27,14
2015-09-28,51
2015-09-29,62
2015-09-30,94
2015-10-01,51
2015-10-02,47
2015-10-03,42
2015-10-04,17
2015-10-05,63
2015-10-06,58
2015-10-07,69
2015-10-08,67
2015-10-09,40
2015-10-10,34
2015-10-11,46
2015-10-12,33
2015-10-13,51
2015-10-14,81
2015-10-15,100
2015-10-16,68
2015-10-17,67
2015-10-18,22
2015-10-19,44
2015-10-20,47
2015-10-21,91
2015-10-22,53
2015-10-23,57
2015-10-24,36
2015-10-25,22
2015-10-26,52
2015-10-27,62
2015-10-28,68
2015-10-29,46
2015-10-30,60
2015-10-31,33
2015-11-01,24
2015-11-02,67
2015-11-03,87
2015-11-04,88
2015-11-05,89
2015-11-06,97
2015-11-07,35
2015-11-08,38
2015-11-09,77
2015-11-10,90
2015-11-11,90
2015-11-12,100
2015-11-13,96
2015-11-14,54
2015-11-15,60
2015-11-16,58
2015-11-17,93
2015-11-18,83
2015-11-19,80
2015-11-20,49
2015-11-21,58
2015-11-22,26
2015-11-23,67
2015-11-24,64
2015-11-25,66
2015-11-26,54
2015-11-27,51
2015-11-28,19
2015-11-29,30
2015-11-30,59
2015-12-01,55
2015-12-02,86
2015-12-03,63
2015-12-04,100
2015-12-05,24
2015-12-06,61
2015-12-07,80
2015-12-08,86
2015-12-09,72
2015-12-10,76
2015-12-11,52
2015-12-12,29
2015-12-13,40
2015-12-14,84
2015-12-15,74
2015-12-16,91
2015-12-17,93
2015-12-18,78
2015-12-19,60
2015-12-20,53
2015-12-21,70
2015-12-22,67
2015-12-23,74
2015-12-24,55
2015-12-25,34
2015-12-26,18
2015-12-27,29
2015-12-28,47
2015-12-29,67
2015-12-30,51
2015-12-31,61
2016-01-01,17
2016-01-02,29
2016-01-03,18
2016-01-04,63
2016-01-05,71
2016-01-06,49
2016-01-07,40
2016-01-08,42
2016-01-09,26
2016-01-10,26
2016-01-11,65
2016-01-12,36
2016-01-13,43
2016-01-14,94
2016-01-15,82
2016-01-16,48
2016-01-17,37
2016-01-18,88
2016-01-19,61
2016-01-20,100
2016-01-21,74
2016-01-22,77
2016-01-23,36
2016-01-24,48
2016-01-25,64
2016-01-26,50
2016-01-27,44
2016-01-28,61
2016-01-29,46
2016-01-30,21
2016-01-31,36
2016-02-01,36
2016-02-02,63
2016-02-03,51
2016-02-04,100
2016-02-05,88
2016-02-06,54
2016-02-07,41
2016-02-08,52
2016-02-09,55
2016-02-10,68
2016-02-11,72
2016-02-12,48
2016-02-13,42
2016-02-14,40
2016-02-15,41
2016-02-16,51
2016-02-17,53
2016-02-18,44
2016-02-19,40
2016-02-20,35
2016-02-21,41
2016-02-22,40
2016-02-23,82
2016-02-24,50
2016-02-25,58
2016-02-26,58
2016-02-27,41
2016-02-28,59
2016-02-29,53
2016-03-01,74
2016-03-02,72
2016-03-03,80
2016-03-04,65
2016-03-05,66
2016-03-06,62
2016-03-07,74
2016-03-08,87
2016-03-09,87
2016-03-10,83
2016-03-11,75
2016-03-12,57
2016-03-13,37
2016-03-14,71
2016-03-15,78
2016-03-16,79
2016-03-17,46
2016-03-18,73
2016-03-19,42
2016-03-20,29
2016-03-21,62
2016-03-22,78
2016-03-23,100
2016-03-24,61
2016-03-25,53
2016-03-26,53
2016-03-27,44
2016-03-28,57
2016-03-29,74
2016-03-30,68
2016-03-31,88
2016-04-01,47
2016-04-02,26
2016-04-03,34
2016-04-04,46
2016-04-05,57
2016-04-06,60
2016-04-07,53
2016-04-08,45
2016-04-09,31
2016-04-10,24
2016-04-11,65
2016-04-12,91
2016-04-13,100
2016-04-14,86
2016-04-15,86
2016-04-16,56
2016-04-17,50
2016-04-18,66
2016-04-19,95
2016-04-20,80
2016-04-21,58
2016-04-22,55
2016-04-23,25
2016-04-24,29
2016-04-25,84
2016-04-26,100
2016-04-27,62
2016-04-28,58
2016-04-29,54
2016-04-30,43
2016-05-01,91
2016-05-02,94
2016-05-03,80
2016-05-04,68
2016-05-05,58
2016-05-06,100
2016-05-07,49
2016-05-08,37
2016-05-09,87
2016-05-10,88
2016-05-11,79
2016-05-12,67
2016-05-13,76
2016-05-14,32
2016-05-15,44
2016-05-16,85
2016-05-17,76
2016-05-18,80
2016-05-19,72
2016-05-20,55
2016-05-21,35
2016-05-22,43
2016-05-23,47
2016-05-24,78
2016-05-25,65
2016-05-26,44
2016-05-27,56
2016-05-28,30
2016-05-29,36
2016-05-30,31
2016-05-31,43
2016-06-01,100
2016-06-02,78
2016-06-03,65
2016-06-04,34
2016-06-05,22
2016-06-06,71
2016-06-07,78
2016-06-08,80
2016-06-09,57
2016-06-10,59
2016-06-11,41
2016-06-12,57
2016-06-13,67
2016-06-14,75
2016-06-15,94
2016-06-16,59
2016-06-17,64
2016-06-18,39
2016-06-19,43
2016-06-20,68
2016-06-21,71
2016-06-22,52
2016-06-23,74
2016-06-24,75
2016-06-25,20
2016-06-26,50
2016-06-27,75
2016-06-28,83
2016-06-29,52
2016-06-30,70
2016-07-01,44
2016-07-02,23
2016-07-03,33
2016-07-04,27
2016-07-05,44
2016-07-06,50
2016-07-07,40
2016-07-08,43
2016-07-09,39
2016-07-10,42
2016-07-11,50
2016-07-12,63
2016-07-13,60
2016-07-14,52
2016-07-15,58
2016-07-16,17
2016-07-17,40
2016-07-18,37
2016-07-19,72
2016-07-20,48
2016-07-21,100
2016-07-22,60
2016-07-23,31
2016-07-24,21
2016-07-25,30
2016-07-26,42
2016-07-27,42
2016-07-28,56
2016-07-29,36
2016-07-30,34
2016-07-31,34
2016-08-01,71
2016-08-02,90
2016-08-03,87
2016-08-04,98
2016-08-05,74
2016-08-06,53
2016-08-07,19
2016-08-08,70
2016-08-09,100
2016-08-10,58
2016-08-11,60
2016-08-12,67
2016-08-13,26
2016-08-14,58
2016-08-15,72
2016-08-16,82
2016-08-17,93
2016-08-18,75
2016-08-19,85
2016-08-20,43
2016-08-21,31
2016-08-22,85
2016-08-23,72
2016-08-24,71
2016-08-25,76
2016-08-26,44
2016-08-27,36
2016-08-28,43
2016-08-29,63
2016-08-30,72
2016-08-31,82
2016-09-01,41
2016-09-02,33
2016-09-03,43
2016-09-04,42
2016-09-05,58
2016-09-06,76
2016-09-07,100
2016-09-08,51
2016-09-09,78
2016-09-10,25
2016-09-11,39
2016-09-12,71
2016-09-13,63
2016-09-14,67
2016-09-15,75
2016-09-16,43
2016-09-17,43
2016-09-18,31
2016-09-19,62
2016-09-20,64
2016-09-21,61
2016-09-22,49
2016-09-23,70
2016-09-24,59
2016-09-25,60
2016-09-26,44
2016-09-27,74
2016-09-28,59
2016-09-29,61
2016-09-30,47
2016-10-01,31
2016-10-02,23
2016-10-03,53
2016-10-04,35
2016-10-05,39
2016-10-06,38
2016-10-07,40
2016-10-08,36
2016-10-09,33
2016-10-10,52
2016-10-11,52
2016-10-12,39
2016-10-13,80
2016-10-14,49
2016-10-15,41
2016-10-16,49
2016-10-17,68
2016-10-18,100
2016-10-19,79
2016-10-20,59
2016-10-21,40
2016-10-22,43
2016-10-23,33
2016-10-24,51
2016-10-25,62
2016-10-26,42
2016-10-27,52
2016-10-28,53
2016-10-29,16
2016-10-30,23
2016-10-31,48
2016-11-01,63
2016-11-02,52
2016-11-03,40
2016-11-04,32
2016-11-05,22
2016-11-06,34
2016-11-07,45
2016-11-08,45
2016-11-09,54
2016-11-10,72
2016-11-11,45
2016-11-12,27
2016-11-13,18
2016-11-14,53
2016-11-15,41
2016-11-16,55
2016-11-17,57
2016-11-18,50
2016-11-19,15
2016-11-20,26
2016-11-21,35
2016-11-22,43
2016-11-23,48
2016-11-24,20
2016-11-25,29
2016-11-26,16
2016-11-27,33
2016-11-28,29
2016-11-29,34
2016-11-30,100
2016-12-01,100
2016-12-02,64
2016-12-03,43
2016-12-04,34
2016-12-05,45
2016-12-06,45
2016-12-07,41
2016-12-08,54
2016-12-09,71
2016-12-10,55
2016-12-11,27
2016-12-12,63
2016-12-13,59
2016-12-14,70
2016-12-15,68
2016-12-16,46
2016-12-17,25
2016-12-18,32
2016-12-19,35
2016-12-20,32
2016-12-21,36
2016-12-22,46
2016-12-23,24
2016-12-24,20
2016-12-25,14
2016-12-26,32
2016-12-27,22
2016-12-28,32
2016-12-29,25
2016-12-30,26
2016-12-31,9
2017-01-01,24
2017-01-02,19
2017-01-03,46
2017-01-04,67
2017-01-05,74
2017-01-06,57
2017-01-07,49
2017-01-08,37
2017-01-09,64
2017-01-10,67
2017-01-11,47
2017-01-12,75
2017-01-13,59
2017-01-14,37
2017-01-15,38
2017-01-16,34
2017-01-17,62
2017-01-18,98
2017-01-19,100
2017-01-20,75
2017-01-21,51
2017-01-22,55
2017-01-23,49
2017-01-24,66
2017-01-25,73
2017-01-26,70
2017-01-27,53
2017-01-28,39
2017-01-29,50
2017-01-30,65
2017-01-31,80
2017-02-01,69
2017-02-02,70
2017-02-03,74
2017-02-04,52
2017-02-05,30
2017-02-06,56
2017-02-07,64
2017-02-08,45
2017-02-09,70
2017-02-10,67
2017-02-11,48
2017-02-12,43
2017-02-13,82
2017-02-14,86
2017-02-15,100
2017-02-16,70
2017-02-17,45
2017-02-18,51
2017-02-19,30
2017-02-20,41
2017-02-21,63
2017-02-22,62
2017-02-23,65
2017-02-24,65
2017-02-25,34
2017-02-26,37
2017-02-27,64
2017-02-28,63
2017-03-01,76
2017-03-02,91
2017-03-03,63
2017-03-04,51
2017-03-05,33
2017-03-06,72
2017-03-07,88
2017-03-08,73
2017-03-09,75
2017-03-10,63
2017-03-11,44
2017-03-12,41
2017-03-13,65
2017-03-14,45
2017-03-15,82
2017-03-16,79
2017-03-17,77
2017-03-18,58
2017-03-19,28
2017-03-20,80
2017-03-21,54
2017-03-22,89
2017-03-23,44
2017-03-24,44
2017-03-25,50
2017-03-26,39
2017-03-27,55
2017-03-28,88
2017-03-29,63
2017-03-30,81
2017-03-31,100
2017-04-01,51
2017-04-02,41
2017-04-03,48
2017-04-04,85
2017-04-05,92
2017-04-06,79
2017-04-07,61
2017-04-08,42
2017-04-09,58
2017-04-10,82
2017-04-11,86
2017-04-12,71
2017-04-13,55
2017-04-14,59
2017-04-15,40
2017-04-16,19
2017-04-17,54
2017-04-18,90
2017-04-19,100
2017-04-20,90
2017-04-21,55
2017-04-22,50
2017-04-23,44
2017-04-24,67
2017-04-25,84
2017-04-26,81
2017-04-27,72
2017-04-28,84
2017-04-29,43
2017-04-30,43
2017-05-01,66
2017-05-02,73
2017-05-03,54
2017-05-04,43
2017-05-05,62
2017-05-06,29
2017-05-07,31
2017-05-08,57
2017-05-09,72
2017-05-10,64
2017-05-11,54
2017-05-12,53
2017-05-13,21
2017-05-14,35
2017-05-15,66
2017-05-16,60
2017-05-17,49
2017-05-18,70
2017-05-19,47
2017-05-20,31
2017-05-21,29
2017-05-22,52
2017-05-23,67
2017-05-24,49
2017-05-25,61
2017-05-26,49
2017-05-27,33
2017-05-28,33
2017-05-29,35
2017-05-30,79
2017-05-31,100
2017-06-01,84
2017-06-02,77
2017-06-03,49
2017-06-04,40
2017-06-05,62
2017-06-06,82
2017-06-07,100
2017-06-08,42
2017-06-09,63
2017-06-10,41
2017-06-11,52
2017-06-12,94
2017-06-13,74
2017-06-14,69
2017-06-15,65
2017-06-16,81
2017-06-17,31
2017-06-18,34
2017-06-19,54
2017-06-20,64
2017-06-21,76
2017-06-22,78
2017-06-23,54
2017-06-24,52
2017-06-25,46
2017-06-26,59
2017-06-27,61
2017-06-28,58
2017-06-29,63
2017-06-30,60
2017-07-01,42
2017-07-02,18
2017-07-03,45
2017-07-04,22
2017-07-05,54
2017-07-06,69
2017-07-07,72
2017-07-08,22
2017-07-09,31
2017-07-10,64
2017-07-11,65
2017-07-12,71
2017-07-13,67
2017-07-14,75
2017-07-15,27
2017-07-16,43
2017-07-17,84
2017-07-18,100
2017-07-19,82
2017-07-20,95
2017-07-21,60
2017-07-22,40
2017-07-23,46
2017-07-24,65
2017-07-25,68
2017-07-26,74
2017-07-27,88
2017-07-28,87
2017-07-29,24
2017-07-30,38
2017-07-31,79
2017-08-01,72
2017-08-02,63
2017-08-03,100
2017-08-04,47
2017-08-05,27
2017-08-06,58
2017-08-07,62
2017-08-08,77
2017-08-09,73
2017-08-10,47
2017-08-11,45
2017-08-12,34
2017-08-13,52
2017-08-14,61
2017-08-15,80
2017-08-16,87
2017-08-17,88
2017-08-18,70
2017-08-19,54
2017-08-20,36
2017-08-21,69
2017-08-22,85
2017-08-23,69
2017-08-24,43
2017-08-25,55
2017-08-26,38
2017-08-27,35
2017-08-28,70
2017-08-29,94
2017-08-30,74
2017-08-31,72
2017-09-01,59
2017-09-02,41
2017-09-03,29
2017-09-04,55
2017-09-05,84
2017-09-06,81
2017-09-07,78
2017-09-08,65
2017-09-09,46
2017-09-10,30
2017-09-11,76
2017-09-12,73
2017-09-13,69
2017-09-14,78
2017-09-15,81
2017-09-16,42
2017-09-17,39
2017-09-18,83
2017-09-19,60
2017-09-20,74
2017-09-21,84
2017-09-22,65
2017-09-23,66
2017-09-24,52
2017-09-25,77
2017-09-26,100
2017-09-27,82
2017-09-28,75
2017-09-29,66
2017-09-30,51
2017-10-01,40
2017-10-02,67
2017-10-03,88
2017-10-04,85
2017-10-05,85
2017-10-06,58
2017-10-07,38
2017-10-08,36
2017-10-09,67
2017-10-10,73
2017-10-11,88
2017-10-12,94
2017-10-13,87
2017-10-14,66
2017-10-15,71
2017-10-16,61
2017-10-17,100
2017-10-18,85
2017-10-19,67
2017-10-20,58
2017-10-21,52
2017-10-22,40
2017-10-23,60
2017-10-24,81
2017-10-25,78
2017-10-26,57
2017-10-27,53
2017-10-28,22
2017-10-29,51
2017-10-30,69
2017-10-31,80
2017-11-01,58
2017-11-02,59
2017-11-03,70
2017-11-04,42
2017-11-05,31
2017-11-06,64
2017-11-07,98
2017-11-08,100
2017-11-09,72
2017-11-10,78
2017-11-11,50
2017-11-12,35
2017-11-13,55
2017-11-14,66
2017-11-15,64
2017-11-16,69
2017-11-17,70
2017-11-18,17
2017-11-19,33
2017-11-20,55
2017-11-21,56
2017-11-22,64
2017-11-23,23
2017-11-24,34
2017-11-25,33
2017-11-26,33
2017-11-27,49
2017-11-28,58
2017-11-29,72
2017-11-30,62
2017-12-01,79
2017-12-02,43
2017-12-03,55
2017-12-04,96
2017-12-05,87
2017-12-06,90
2017-12-07,83
2017-12-08,90
2017-12-09,62
2017-12-10,43
2017-12-11,59
2017-12-12,71
2017-12-13,65
2017-12-14,66
2017-12-15,80
2017-12-16,41
2017-12-17,38
2017-12-18,85
2017-12-19,100
2017-12-20,74
2017-12-21,75
2017-12-22,85
2017-12-23,37
2017-12-24,48
2017-12-25,31
2017-12-26,38
2017-12-27,48
2017-12-28,70
2017-12-29,74
2017-12-30,60
2017-12-31,41
2018-01-01,20
2018-01-02,66
2018-01-03,53
2018-01-04,64
2018-01-05,70
2018-01-06,36
2018-01-07,39
2018-01-08,62
2018-01-09,77
2018-01-10,58
2018-01-11,60
2018-01-12,54
2018-01-13,54
2018-01-14,41
2018-01-15,48
2018-01-16,61
2018-01-17,99
2018-01-18,100
2018-01-19,68
2018-01-20,31
2018-01-21,37
2018-01-22,45
2018-01-23,74
2018-01-24,64
2018-01-25,57
2018-01-26,68
2018-01-27,35
2018-01-28,32
2018-01-29,71
2018-01-30,62
2018-01-31,68
2018-02-01,74
2018-02-02,56
2018-02-03,33
2018-02-04,51
2018-02-05,68
2018-02-06,73
2018-02-07,64
2018-02-08,67
2018-02-09,78
2018-02-10,44
2018-02-11,36
2018-02-12,53
2018-02-13,57
2018-02-14,66
2018-02-15,73
2018-02-16,44
2018-02-17,33
2018-02-18,33
2018-02-19,25
2018-02-20,60
2018-02-21,61
2018-02-22,63
2018-02-23,54
2018-02-24,54
2018-02-25,40
2018-02-26,76
2018-02-27,100
2018-02-28,60
2018-03-01,78
2018-03-02,73
2018-03-03,36
2018-03-04,58
2018-03-05,59
2018-03-06,74
2018-03-07,88
2018-03-08,64
2018-03-09,90
2018-03-10,41
2018-03-11,45
2018-03-12,100
2018-03-13,84
2018-03-14,75
2018-03-15,73
2018-03-16,79
2018-03-17,48
2018-03-18,35
2018-03-19,44
2018-03-20,80
2018-03-21,75
2018-03-22,55
2018-03-23,84
2018-03-24,49
2018-03-25,39
2018-03-26,75
2018-03-27,77
2018-03-28,64
2018-03-29,44
2018-03-30,53
2018-03-31,31
2018-04-01,38
2018-04-02,57
2018-04-03,56
2018-04-04,79
2018-04-05,63
2018-04-06,40
2018-04-07,39
2018-04-08,31
2018-04-09,52
2018-04-10,77
2018-04-11,75
2018-04-12,71
2018-04-13,67
2018-04-14,54
2018-04-15,47
2018-04-16,64
2018-04-17,93
2018-04-18,100
2018-04-19,64
2018-04-20,49
2018-04-21,34
2018-04-22,39
2018-04-23,59
2018-04-24,64
2018-04-25,69
2018-04-26,84
2018-04-27,44
2018-04-28,49
2018-04-29,38
2018-04-30,80
2018-05-01,72
2018-05-02,59
2018-05-03,100
2018-05-04,68
2018-05-05,40
2018-05-06,46
2018-05-07,66
2018-05-08,61
2018-05-09,52
2018-05-10,89
2018-05-11,93
2018-05-12,21
2018-05-13,30
2018-05-14,87
2018-05-15,86
2018-05-16,64
2018-05-17,57
2018-05-18,77
2018-05-19,42
2018-05-20,21
2018-05-21,89
2018-05-22,49
2018-05-23,60
2018-05-24,80
2018-05-25,50
2018-05-26,45
2018-05-27,42
2018-05-28,44
2018-05-29,51
2018-05-30,53
2018-05-31,71
2018-06-01,92
2018-06-02,70
2018-06-03,50
2018-06-04,79
2018-06-05,53
2018-06-06,70
2018-06-07,69
2018-06-08,57
2018-06-09,42
2018-06-10,47
2018-06-11,100
2018-06-12,87
2018-06-13,83
2018-06-14,68
2018-06-15,56
2018-06-16,38
2018-06-17,43
2018-06-18,85
2018-06-19,81
2018-06-20,100
2018-06-21,88
2018-06-22,66
2018-06-23,52
2018-06-24,31
2018-06-25,46
2018-06-26,73
2018-06-27,72
2018-06-28,66
2018-06-29,74
2018-06-30,62
2018-07-01,31
2018-07-02,58
2018-07-03,37
2018-07-04,46
2018-07-05,57
2018-07-06,53
2018-07-07,29
2018-07-08,38
2018-07-09,48
2018-07-10,35
2018-07-11,46
2018-07-12,78
2018-07-13,54
2018-07-14,31
2018-07-15,34
2018-07-16,48
2018-07-17,100
2018-07-18,61
2018-07-19,63
2018-07-20,43
2018-07-21,29
2018-07-22,39
2018-07-23,82
2018-07-24,48
2018-07-25,58
2018-07-26,57
2018-07-27,33
2018-07-28,42
2018-07-29,35
2018-07-30,48
2018-07-31,61
2018-08-01,92
2018-08-02,100
2018-08-03,49
2018-08-04,31
2018-08-05,52
2018-08-06,73
2018-08-07,87
2018-08-08,82
2018-08-09,54
2018-08-10,64
2018-08-11,40
2018-08-12,39
2018-08-13,59
2018-08-14,72
2018-08-15,78
2018-08-16,95
2018-08-17,53
2018-08-18,41
2018-08-19,41
2018-08-20,87
2018-08-21,92
2018-08-22,78
2018-08-23,67
2018-08-24,80
2018-08-25,38
2018-08-26,40
2018-08-27,70
2018-08-28,56
2018-08-29,70
2018-08-30,80
2018-08-31,64
2018-09-01,30
2018-09-02,31
2018-09-03,39
2018-09-04,72
2018-09-05,71
2018-09-06,51
2018-09-07,75
2018-09-08,37
2018-09-09,25
2018-09-10,61
2018-09-11,72
2018-09-12,100
2018-09-13,94
2018-09-14,75
2018-09-15,36
2018-09-16,42
2018-09-17,79
2018-09-18,63
2018-09-19,72
2018-09-20,66
2018-09-21,60
2018-09-22,35
2018-09-23,48
2018-09-24,77
2018-09-25,62
2018-09-26,63
2018-09-27,38
2018-09-28,48
2018-09-29,44
2018-09-30,48
2018-10-01,81
2018-10-02,72
2018-10-03,46
2018-10-04,56
2018-10-05,65
2018-10-06,40
2018-10-07,30
2018-10-08,42
2018-10-09,64
2018-10-10,78
2018-10-11,77
2018-10-12,60
2018-10-13,52
2018-10-14,55
2018-10-15,69
2018-10-16,100
2018-10-17,71
2018-10-18,79
2018-10-19,98
2018-10-20,38
2018-10-21,36
2018-10-22,90
2018-10-23,75
2018-10-24,60
2018-10-25,53
2018-10-26,49
2018-10-27,37
2018-10-28,32
2018-10-29,59
2018-10-30,73
2018-10-31,89
2018-11-01,71
2018-11-02,78
2018-11-03,53
2018-11-04,48
2018-11-05,62
2018-11-06,57
2018-11-07,85
2018-11-08,73
2018-11-09,58
2018-11-10,48
2018-11-11,39
2018-11-12,86
2018-11-13,96
2018-11-14,66
2018-11-15,77
2018-11-16,100
2018-11-17,29
2018-11-18,61
2018-11-19,60
2018-11-20,88
2018-11-21,75
2018-11-22,39
2018-11-23,32
2018-11-24,25
2018-11-25,50
2018-11-26,50
2018-11-27,70
2018-11-28,64
2018-11-29,53
2018-11-30,79
2018-12-01,50
2018-12-02,39
2018-12-03,73
2018-12-04,69
2018-12-05,66
2018-12-06,59
2018-12-07,62
2018-12-08,30
2018-12-09,63
2018-12-10,73
2018-12-11,67
2018-12-12,78
2018-12-13,91
2018-12-14,59
2018-12-15,44
2018-12-16,59
2018-12-17,88
2018-12-18,100
2018-12-19,78
2018-12-20,52
2018-12-21,66
2018-12-22,44
2018-12-23,37
2018-12-24,43
2018-12-25,38
2018-12-26,58
2018-12-27,67
2018-12-28,55
2018-12-29,39
2018-12-30,37
2018-12-31,35
2019-01-01,19
2019-01-02,57
2019-01-03,52
2019-01-04,68
2019-01-05,47
2019-01-06,25
2019-01-07,59
2019-01-08,50
2019-01-09,60
2019-01-10,56
2019-01-11,50
2019-01-12,36
2019-01-13,19
2019-01-14,55
2019-01-15,51
2019-01-16,100
2019-01-17,75
2019-01-18,45
2019-01-19,33
2019-01-20,30
2019-01-21,31
2019-01-22,48
2019-01-23,39
2019-01-24,50
2019-01-25,48
2019-01-26,21
2019-01-27,36
2019-01-28,44
2019-01-29,42
2019-01-30,43
2019-01-31,45
2019-02-01,87
2019-02-02,57
2019-02-03,49
2019-02-04,83
2019-02-05,86
2019-02-06,81
2019-02-07,73
2019-02-08,85
2019-02-09,50
2019-02-10,29
2019-02-11,69
2019-02-12,67
2019-02-13,84
2019-02-14,76
2019-02-15,87
2019-02-16,55
2019-02-17,50
2019-02-18,55
2019-02-19,82
2019-02-20,65
2019-02-21,82
2019-02-22,100
2019-02-23,58
2019-02-24,39
2019-02-25,74
2019-02-26,73
2019-02-27,80
2019-02-28,79
2019-03-01,54
2019-03-02,35
2019-03-03,20
2019-03-04,40
2019-03-05,54
2019-03-06,57
2019-03-07,40
2019-03-08,52
2019-03-09,37
2019-03-10,45
2019-03-11,50
2019-03-12,35
2019-03-13,39
2019-03-14,46
2019-03-15,46
2019-03-16,41
2019-03-17,19
2019-03-18,56
2019-03-19,52
2019-03-20,51
2019-03-21,42
2019-03-22,51
2019-03-23,43
2019-03-24,25
2019-03-25,70
2019-03-26,100
2019-03-27,52
2019-03-28,50
2019-03-29,53
2019-03-30,40
2019-03-31,41
2019-04-01,51
2019-04-02,58
2019-04-03,59
2019-04-04,47
2019-04-05,48
2019-04-06,26
2019-04-07,31
2019-04-08,50
2019-04-09,60
2019-04-10,44
2019-04-11,45
2019-04-12,43
2019-04-13,37
2019-04-14,18
2019-04-15,100
2019-04-16,79
2019-04-17,61
2019-04-18,55
2019-04-19,31
2019-04-20,20
2019-04-21,37
2019-04-22,69
2019-04-23,64
2019-04-24,62
2019-04-25,42
2019-04-26,39
2019-04-27,23
2019-04-28,35
2019-04-29,34
2019-04-30,47
2019-05-01,79
2019-05-02,74
2019-05-03,63
2019-05-04,47
2019-05-05,46
2019-05-06,96
2019-05-07,79
2019-05-08,74
2019-05-09,58
2019-05-10,83
2019-05-11,35
2019-05-12,40
2019-05-13,96
2019-05-14,92
2019-05-15,80
2019-05-16,100
2019-05-17,84
2019-05-18,36
2019-05-19,54
2019-05-20,89
2019-05-21,83
2019-05-22,70
2019-05-23,69
2019-05-24,89
2019-05-25,34
2019-05-26,27
2019-05-27,37
2019-05-28,98
2019-05-29,59
2019-05-30,84
2019-05-31,88
2019-06-01,63
2019-06-02,44
2019-06-03,61
2019-06-04,68
2019-06-05,49
2019-06-06,66
2019-06-07,82
2019-06-08,52
2019-06-09,30
2019-06-10,66
2019-06-11,52
2019-06-12,73
2019-06-13,82
2019-06-14,76
2019-06-15,45
2019-06-16,25
2019-06-17,52
2019-06-18,81
2019-06-19,62
2019-06-20,73
2019-06-21,64
2019-06-22,44
2019-06-23,56
2019-06-24,98
2019-06-25,86
2019-06-26,76
2019-06-27,100
2019-06-28,81
2019-06-29,57
2019-06-30,30
2019-07-01,68
2019-07-02,100
2019-07-03,71
2019-07-04,35
2019-07-05,58
2019-07-06,37
2019-07-07,42
2019-07-08,77
2019-07-09,65
2019-07-10,85
2019-07-11,80
2019-07-12,71
2019-07-13,70
2019-07-14,49
2019-07-15,78
2019-07-16,92
2019-07-17,68
2019-07-18,68
2019-07-19,51
2019-07-20,48
2019-07-21,44
2019-07-22,65
2019-07-23,86
2019-07-24,63
2019-07-25,73
2019-07-26,55
2019-07-27,50
2019-07-28,51
2019-07-29,81
2019-07-30,77
2019-07-31,87
2019-08-01,78
2019-08-02,65
2019-08-03,58
2019-08-04,42
2019-08-05,92
2019-08-06,66
2019-08-07,84
2019-08-08,77
2019-08-09,100
2019-08-10,56
2019-08-11,47
2019-08-12,95
2019-08-13,88
2019-08-14,81
2019-08-15,69
2019-08-16,82
2019-08-17,49
2019-08-18,39
2019-08-19,76
2019-08-20,66
2019-08-21,96
2019-08-22,74
2019-08-23,79
2019-08-24,37
2019-08-25,47
2019-08-26,42
2019-08-27,66
2019-08-28,68
2019-08-29,73
2019-08-30,71
2019-08-31,45
2019-09-01,35
2019-09-02,51
2019-09-03,65
2019-09-04,77
2019-09-05,100
2019-09-06,52
2019-09-07,36
2019-09-08,41
2019-09-09,63
2019-09-10,71
2019-09-11,53
2019-09-12,80
2019-09-13,77
2019-09-14,60
2019-09-15,51
2019-09-16,87
2019-09-17,67
2019-09-18,63
2019-09-19,83
2019-09-20,65
2019-09-21,36
2019-09-22,27
2019-09-23,61
2019-09-24,44
2019-09-25,84
2019-09-26,80
2019-09-27,67
2019-09-28,41
2019-09-29,47
2019-09-30,73
2019-10-01,73
2019-10-02,94
2019-10-03,98
2019-10-04,69
2019-10-05,34
2019-10-06,38
2019-10-07,67
2019-10-08,100
2019-10-09,90
2019-10-10,84
2019-10-11,68
2019-10-12,38
2019-10-13,51
2019-10-14,62
2019-10-15,81
2019-10-16,72
2019-10-17,84
2019-10-18,76
2019-10-19,36
2019-10-20,43
2019-10-21,79
2019-10-22,66
2019-10-23,64
2019-10-24,73
2019-10-25,71
2019-10-26,42
2019-10-27,36
2019-10-28,64
2019-10-29,68
2019-10-30,78
2019-10-31,64
2019-11-01,64
2019-11-02,56
2019-11-03,29
2019-11-04,61
2019-11-05,61
2019-11-06,82
2019-11-07,72
2019-11-08,91
2019-11-09,42
2019-11-10,44
2019-11-11,77
2019-11-12,76
2019-11-13,84
2019-11-14,100
2019-11-15,62
2019-11-16,50
2019-11-17,23
2019-11-18,68
2019-11-19,94
2019-11-20,92
2019-11-21,84
2019-11-22,79
2019-11-23,32
2019-11-24,30
2019-11-25,64
2019-11-26,77
2019-11-27,58
2019-11-28,31
2019-11-29,32
2019-11-30,33
2019-12-01,48
2019-12-02,72
2019-12-03,100
2019-12-04,96
2019-12-05,75
2019-12-06,94
2019-12-07,43
2019-12-08,33
2019-12-09,83
2019-12-10,81
2019-12-11,92
2019-12-12,77
2019-12-13,95
2019-12-14,61
2019-12-15,51
2019-12-16,54
2019-12-17,74
2019-12-18,80
2019-12-19,95
2019-12-20,93
2019-12-21,48
2019-12-22,37
2019-12-23,55
2019-12-24,44
2019-12-25,45
2019-12-26,66
2019-12-27,34
2019-12-28,49
2019-12-29,50
2019-12-30,79
2019-12-31,69
2020-01-01,33
2020-01-02,59
2020-01-03,64
2020-01-04,38
2020-01-05,35
2020-01-06,45
2020-01-07,65
2020-01-08,63
2020-01-09,51
2020-01-10,58
2020-01-11,59
2020-01-12,22
2020-01-13,59
2020-01-14,58
2020-01-15,100
2020-01-16,73
2020-01-17,69
2020-01-18,41
2020-01-19,41
2020-01-20,32
2020-01-21,52
2020-01-22,65
2020-01-23,69
2020-01-24,98
2020-01-25,50
2020-01-26,45
2020-01-27,66
2020-01-28,60
2020-01-29,88
2020-01-30,75
2020-01-31,44
2020-02-01,44
2020-02-02,33
2020-02-03,47
2020-02-04,52
2020-02-05,70
2020-02-06,71
2020-02-07,61
2020-02-08,40
2020-02-09,37
2020-02-10,66
2020-02-11,66
2020-02-12,57
2020-02-13,59
2020-02-14,50
2020-02-15,46
2020-02-16,40
2020-02-17,49
2020-02-18,67
2020-02-19,62
2020-02-20,53
2020-02-21,73
2020-02-22,46
2020-02-23,35
2020-02-24,51
2020-02-25,56
2020-02-26,51
2020-02-27,100
2020-02-28,91
2020-02-29,32
2020-03-01,57
2020-03-02,85
2020-03-03,67
2020-03-04,49
2020-03-05,56
2020-03-06,66
2020-03-07,49
2020-03-08,45
2020-03-09,85
2020-03-10,60
2020-03-11,73
2020-03-12,74
2020-03-13,75
2020-03-14,33
2020-03-15,52
2020-03-16,100
2020-03-17,84
2020-03-18,73
2020-03-19,71
2020-03-20,93
2020-03-21,90
2020-03-22,65
2020-03-23,74
2020-03-24,72
2020-03-25,74
2020-03-26,72
2020-03-27,66
2020-03-28,41
2020-03-29,30
2020-03-30,66
2020-03-31,83
2020-04-01,69
2020-04-02,75
2020-04-03,67
2020-04-04,72
2020-04-05,59
2020-04-06,69
2020-04-07,74
2020-04-08,66
2020-04-09,79
2020-04-10,61
2020-04-11,54
2020-04-12,36
2020-04-13,96
2020-04-14,85
2020-04-15,100
2020-04-16,70
2020-04-17,73
2020-04-18,41
2020-04-19,59
2020-04-20,66
2020-04-21,48
2020-04-22,56
2020-04-23,42
2020-04-24,56
2020-04-25,28
2020-04-26,46
2020-04-27,51
2020-04-28,33
2020-04-29,52
2020-04-30,70
2020-05-01,71
2020-05-02,46
2020-05-03,43
2020-05-04,83
2020-05-05,70
2020-05-06,78
2020-05-07,61
2020-05-08,66
2020-05-09,55
2020-05-10,41
2020-05-11,66
2020-05-12,90
2020-05-13,78
2020-05-14,99
2020-05-15,100
2020-05-16,87
2020-05-17,57
2020-05-18,98
2020-05-19,77
2020-05-20,98
2020-05-21,82
2020-05-22,58
2020-05-23,50
2020-05-24,43
2020-05-25,81
2020-05-26,77
2020-05-27,60
2020-05-28,88
2020-05-29,68
2020-05-30,62
2020-05-31,46
2020-06-01,95
2020-06-02,88
2020-06-03,61
2020-06-04,72
2020-06-05,58
2020-06-06,43
2020-06-07,45
2020-06-08,63
2020-06-09,62
2020-06-10,95
2020-06-11,92
2020-06-12,66
2020-06-13,50
2020-06-14,37
2020-06-15,62
2020-06-16,87
2020-06-17,84
2020-06-18,79
2020-06-19,69
2020-06-20,38
2020-06-21,45
2020-06-22,74
2020-06-23,75
2020-06-24,75
2020-06-25,86
2020-06-26,71
2020-06-27,52
2020-06-28,41
2020-06-29,65
2020-06-30,100
2020-07-01,72
2020-07-02,64
2020-07-03,37
2020-07-04,20
2020-07-05,36
2020-07-06,55
2020-07-07,44
2020-07-08,56
2020-07-09,54
2020-07-10,44
2020-07-11,28
2020-07-12,35
2020-07-13,59
2020-07-14,62
2020-07-15,100
2020-07-16,65
2020-07-17,44
2020-07-18,43
2020-07-19,32
2020-07-20,38
2020-07-21,49
2020-07-22,50
2020-07-23,48
2020-07-24,58
2020-07-25,38
2020-07-26,32
2020-07-27,43
2020-07-28,77
2020-07-29,59
2020-07-30,57
2020-07-31,49
2020-08-01,41
2020-08-02,74
2020-08-03,83
2020-08-04,81
2020-08-05,76
2020-08-06,95
2020-08-07,87
2020-08-08,47
2020-08-09,63
2020-08-10,87
2020-08-11,83
2020-08-12,87
2020-08-13,78
2020-08-14,76
2020-08-15,72
2020-08-16,45
2020-08-17,65
2020-08-18,100
2020-08-19,83
2020-08-20,86
2020-08-21,87
2020-08-22,51
2020-08-23,53
2020-08-24,88
2020-08-25,87
2020-08-26,82
2020-08-27,66
2020-08-28,72
2020-08-29,41
2020-08-30,45
2020-08-31,91
2020-09-01,48
2020-09-02,70
2020-09-03,93
2020-09-04,63
2020-09-05,43
2020-09-06,39
2020-09-07,58
2020-09-08,79
2020-09-09,59
2020-09-10,84
2020-09-11,81
2020-09-12,36
2020-09-13,36
2020-09-14,61
2020-09-15,58
2020-09-16,76
2020-09-17,59
2020-09-18,85
2020-09-19,39
2020-09-20,26
2020-09-21,82
2020-09-22,53
2020-09-23,65
2020-09-24,71
2020-09-25,64
2020-09-26,46
2020-09-27,42
2020-09-28,34
2020-09-29,100
2020-09-30,69
2020-10-01,56
2020-10-02,50
2020-10-03,24
2020-10-04,22
2020-10-05,43
2020-10-06,77
2020-10-07,89
2020-10-08,76
2020-10-09,65
2020-10-10,24
2020-10-11,49
2020-10-12,64
2020-10-13,80
2020-10-14,95
2020-10-15,56
2020-10-16,41
2020-10-17,58
2020-10-18,43
2020-10-19,57
2020-10-20,59
2020-10-21,54
2020-10-22,100
2020-10-23,75
2020-10-24,38
2020-10-25,24
2020-10-26,41
2020-10-27,67
2020-10-28,64
2020-10-29,60
2020-10-30,43
2020-10-31,30
2020-11-01,64
2020-11-02,73
2020-11-03,91
2020-11-04,43
2020-11-05,51
2020-11-06,66
2020-11-07,38
2020-11-08,11
2020-11-09,85
2020-11-10,68
2020-11-11,92
2020-11-12,98
2020-11-13,85
2020-11-14,58
2020-11-15,49
2020-11-16,74
2020-11-17,84
2020-11-18,100
2020-11-19,73
2020-11-20,91
2020-11-21,62
2020-11-22,43
2020-11-23,67
2020-11-24,72
2020-11-25,71
2020-11-26,48
2020-11-27,78
2020-11-28,62
2020-11-29,56
2020-11-30,98
2020-12-01,60
2020-12-02,68
2020-12-03,100
2020-12-04,46
2020-12-05,55
2020-12-06,70
2020-12-07,86
2020-12-08,96
2020-12-09,87
2020-12-10,76
2020-12-11,60
2020-12-12,60
2020-12-13,46
2020-12-14,63
2020-12-15,70
2020-12-16,65
2020-12-17,54
2020-12-18,65
2020-12-19,43
2020-12-20,50
2020-12-21,72
2020-12-22,57
2020-12-23,66
2020-12-24,54
2020-12-25,46
2020-12-26,35
2020-12-27,31
2020-12-28,59
2020-12-29,60
2020-12-30,37
2020-12-31,44
2021-01-01,34
2021-01-02,46
2021-01-03,21
2021-01-04,41
2021-01-05,51
2021-01-06,61
2021-01-07,53
2021-01-08,78
2021-01-09,34
2021-01-10,34
2021-01-11,64
2021-01-12,70
2021-01-13,56
2021-01-14,80
2021-01-15,74
2021-01-16,48
2021-01-17,100
2021-01-18,63
2021-01-19,69
2021-01-20,67
2021-01-21,49
2021-01-22,58
2021-01-23,47
2021-01-24,25
2021-01-25,70
2021-01-26,72
2021-01-27,64
2021-01-28,61
2021-01-29,67
2021-01-30,45
2021-01-31,39
2021-02-01,84
2021-02-02,92
2021-02-03,81
2021-02-04,68
2021-02-05,84
2021-02-06,58
2021-02-07,49
2021-02-08,42
2021-02-09,76
2021-02-10,59
2021-02-11,82
2021-02-12,71
2021-02-13,29
2021-02-14,29
2021-02-15,41
2021-02-16,72
2021-02-17,86
2021-02-18,77
2021-02-19,95
2021-02-20,39
2021-02-21,35
2021-02-22,100
2021-02-23,76
2021-02-24,68
2021-02-25,78
2021-02-26,94
2021-02-27,62
2021-02-28,39
2021-03-01,53
2021-03-02,52
2021-03-03,32
2021-03-04,52
2021-03-05,39
2021-03-06,24
2021-03-07,35
2021-03-08,38
2021-03-09,31
2021-03-10,45
2021-03-11,56
2021-03-12,53
2021-03-13,27
2021-03-14,26
2021-03-15,39
2021-03-16,42
2021-03-17,39
2021-03-18,60
2021-03-19,100
2021-03-20,36
2021-03-21,34
2021-03-22,44
2021-03-23,65
2021-03-24,56
2021-03-25,48
2021-03-26,62
2021-03-27,31
2021-03-28,37
2021-03-29,50
2021-03-30,51
2021-03-31,46
2021-04-01,60
2021-04-02,38
2021-04-03,28
2021-04-04,29
2021-04-05,48
2021-04-06,54
2021-04-07,67
2021-04-08,41
2021-04-09,38
2021-04-10,33
2021-04-11,33
2021-04-12,33
2021-04-13,59
2021-04-14,100
2021-04-15,61
2021-04-16,48
2021-04-17,38
2021-04-18,31
2021-04-19,48
2021-04-20,39
2021-04-21,72
2021-04-22,56
2021-04-23,53
2021-04-24,29
2021-04-25,24
2021-04-26,49
2021-04-27,49
2021-04-28,63
2021-04-29,44
2021-04-30,40
